client_id,path,sentence_id,sentence,sentence_domain,up_votes,down_votes,age,gender,accents,variant,locale,segment
a7c444851738561bca94dc9f8525b2819433137309fe955eb1b152830a97b9bac87733d057483d1d20f53e152050504538c27422b29d7843997f3a256324c582,common_voice_kk_25029256.wav,231d16c9f2469275d746b5807560d328feff4b8f77a39a4a3af5be77656b342f,"Сауынсыздың жазы болмайды, қауынсыздың күзі болмайды.",,2,0,,,,,kk,
a7c444851738561bca94dc9f8525b2819433137309fe955eb1b152830a97b9bac87733d057483d1d20f53e152050504538c27422b29d7843997f3a256324c582,common_voice_kk_25029257.wav,31a66442a2a62fff3ebb5061605da3d215ffed77119e8072c72b21a2d5b2ebea,"Білмеген жердің ой-шұқыры көп, көрінген таудың алыстығы жоқ.",,2,0,,,,,kk,
a7c444851738561bca94dc9f8525b2819433137309fe955eb1b152830a97b9bac87733d057483d1d20f53e152050504538c27422b29d7843997f3a256324c582,common_voice_kk_25029258.wav,240d4e442b909495467de476df86ab5eccca375aaf7944cc6576974aace385c2,"Ата тұрып, ұл сөйлегеннен без, ана тұрып, қыз сөйлегеннен без.",,2,0,,,,,kk,
a7c444851738561bca94dc9f8525b2819433137309fe955eb1b152830a97b9bac87733d057483d1d20f53e152050504538c27422b29d7843997f3a256324c582,common_voice_kk_25029265.wav,2fc954c14e6cd770e16ea0d8ece1d165c3086f942d2739bfd22f6fe7b2511ff6,"Менмен — жігіттің соры, төменшек — жігіттің қоры.",,2,0,,,,,kk,
a7c444851738561bca94dc9f8525b2819433137309fe955eb1b152830a97b9bac87733d057483d1d20f53e152050504538c27422b29d7843997f3a256324c582,common_voice_kk_25029266.wav,0711621c7cc30e088f212c6d8a81150e7d758f2d15125224d1c1671c6fb9fa2c,Ақылдының ақылы сарқылмайтын көлмен тең.,,2,0,,,,,kk,
a7c444851738561bca94dc9f8525b2819433137309fe955eb1b152830a97b9bac87733d057483d1d20f53e152050504538c27422b29d7843997f3a256324c582,common_voice_kk_25029273.wav,33171f7f988793ccfba40faebb6de068b1a005c275112b94181eba25e0c9175f,Жақсы жігіттің арын сақта.,,2,0,,,,,kk,
a7c444851738561bca94dc9f8525b2819433137309fe955eb1b152830a97b9bac87733d057483d1d20f53e152050504538c27422b29d7843997f3a256324c582,common_voice_kk_25029275.wav,3309e26cea5bebafdd800bcb6efb0b4a802c34e6a1f7061c1cb0126487d7a759,"Қызмет қыл да, міндет қыл.",,2,0,,,,,kk,
a7c444851738561bca94dc9f8525b2819433137309fe955eb1b152830a97b9bac87733d057483d1d20f53e152050504538c27422b29d7843997f3a256324c582,common_voice_kk_25029278.wav,0fc4ad1d85a995e6e473fd7200faace53e2a4e75e604e914594904c6fe13c271,"Тойшыл жігіт ойшыл болмас, ойшыл жігіт тойшыл болмас.",,2,0,,,,,kk,
a7c444851738561bca94dc9f8525b2819433137309fe955eb1b152830a97b9bac87733d057483d1d20f53e152050504538c27422b29d7843997f3a256324c582,common_voice_kk_25029296.wav,0d9cd67381baf7b7d667064f3555e9658cd20bf5218ae5983d538a96e508ca3b,"Қасықтап алғанмен, көл таусылмайды, қанша ұры алғанмен, ел таусылмайды.",,2,0,teens,male_masculine,,,kk,
a7c444851738561bca94dc9f8525b2819433137309fe955eb1b152830a97b9bac87733d057483d1d20f53e152050504538c27422b29d7843997f3a256324c582,common_voice_kk_25029297.wav,2401961dd8ede53258680ca4851a7ca5542efcab5f533e1d934258c242310db5,"Жаңа дос келгенде, ескі достың көзінен жас шығады.",,2,0,teens,male_masculine,,,kk,
a7c444851738561bca94dc9f8525b2819433137309fe955eb1b152830a97b9bac87733d057483d1d20f53e152050504538c27422b29d7843997f3a256324c582,common_voice_kk_25029298.wav,20b0a19fe8fed906c526c9ac95b0579a332c2c19210cbca33be9ef2fac56d9f9,Атсыздың атасы құнсыз кетеді.,,2,0,teens,male_masculine,,,kk,
a7c444851738561bca94dc9f8525b2819433137309fe955eb1b152830a97b9bac87733d057483d1d20f53e152050504538c27422b29d7843997f3a256324c582,common_voice_kk_25029299.wav,1fd197d2b69ba3429c9c5d326706970ab643c83e4eed9438df3876924cad7798,"Жігіт жанған шоқ болсын, шоқ болмаса, жоқ болсын.",,2,0,teens,male_masculine,,,kk,
a7c444851738561bca94dc9f8525b2819433137309fe955eb1b152830a97b9bac87733d057483d1d20f53e152050504538c27422b29d7843997f3a256324c582,common_voice_kk_25029300.wav,32179d04fd9d235a90ae611b2f3fb5ed63dec0fc752bb8a8b4fd4974aba280c1,"Жаман адамға іс түссе, жаныңды сұрар шешуге.",,2,0,teens,male_masculine,,,kk,
a7c444851738561bca94dc9f8525b2819433137309fe955eb1b152830a97b9bac87733d057483d1d20f53e152050504538c27422b29d7843997f3a256324c582,common_voice_kk_25029338.wav,34d94eb322a2f3cdc277536d6033d17f5aeb44c09783f3c587753e07a796b0c0,"Алтын, күміс жауған жерден де туып-өскен ел артық.",,2,0,teens,male_masculine,,,kk,
a7c444851738561bca94dc9f8525b2819433137309fe955eb1b152830a97b9bac87733d057483d1d20f53e152050504538c27422b29d7843997f3a256324c582,common_voice_kk_25029339.wav,03e0e362988624d4b3b5c4ad13e737127b3c0b275e3c1cce8d79c9e924212bfc,Шешесі өсекшінің — қызы өтірікші.,,2,0,teens,male_masculine,,,kk,
a7c444851738561bca94dc9f8525b2819433137309fe955eb1b152830a97b9bac87733d057483d1d20f53e152050504538c27422b29d7843997f3a256324c582,common_voice_kk_25029340.wav,30c2bfbbbb1c8d549945f242733d8f5b79de68f5800a975125dc07e10996cf2e,Ит баласы жүре азар.,,2,0,teens,male_masculine,,,kk,
a7c444851738561bca94dc9f8525b2819433137309fe955eb1b152830a97b9bac87733d057483d1d20f53e152050504538c27422b29d7843997f3a256324c582,common_voice_kk_25029341.wav,2d492d6498d120a10410ad5592b10680f029d985d3db3a75dd8e0f6158dac25b,"Қатын ер қасында, қараша хан қасында.",,2,0,teens,male_masculine,,,kk,
a7c444851738561bca94dc9f8525b2819433137309fe955eb1b152830a97b9bac87733d057483d1d20f53e152050504538c27422b29d7843997f3a256324c582,common_voice_kk_25029342.wav,0757a47b595e97720af66d4a650fc4a99940faba43928e393c13b3b493e52b2e,"Түйе тайғақ келеді, табанынан мөр кетсе.",,2,0,teens,male_masculine,,,kk,
a7c444851738561bca94dc9f8525b2819433137309fe955eb1b152830a97b9bac87733d057483d1d20f53e152050504538c27422b29d7843997f3a256324c582,common_voice_kk_25029343.wav,2f100b7e285037361157011883fd99a6fae8ef3f1ca63f618da04b580bd9be5d,"Ескісіз жаңа болмас, жамансыз жақсы болмас.",,2,0,teens,male_masculine,,,kk,
a7c444851738561bca94dc9f8525b2819433137309fe955eb1b152830a97b9bac87733d057483d1d20f53e152050504538c27422b29d7843997f3a256324c582,common_voice_kk_25029344.wav,29b9be90f56c25d52225539794509ed0bb134c8b19b9ca94bfdaeb9b84de1a0b,"Жас — кәрінің көретін көзі, кәрі — жастың түзейтін тезі.",,2,0,teens,male_masculine,,,kk,
a7c444851738561bca94dc9f8525b2819433137309fe955eb1b152830a97b9bac87733d057483d1d20f53e152050504538c27422b29d7843997f3a256324c582,common_voice_kk_25029345.wav,3367b105c0b7f8a0dc3c2e94e7d174af0d5c95e6603c66a04271faf73633c233,"Ауыр ой адамды тұңғиыққа да батырады, ерлік іске де шақырады.",,2,0,teens,male_masculine,,,kk,
a7c444851738561bca94dc9f8525b2819433137309fe955eb1b152830a97b9bac87733d057483d1d20f53e152050504538c27422b29d7843997f3a256324c582,common_voice_kk_25029346.wav,237a1b2ec94884f7a88692b14873dbaae928dd72171706da9cccd84c12581cbb,"Іші таудан табылды, тысы қайдан табылды, қырылғырдың қыздары қылып берер дейсің бе?!",,2,0,teens,male_masculine,,,kk,
a7c444851738561bca94dc9f8525b2819433137309fe955eb1b152830a97b9bac87733d057483d1d20f53e152050504538c27422b29d7843997f3a256324c582,common_voice_kk_25029347.wav,25b1872edb47f0217bc6a2889f016e0767745d49f2cf1be43bc26ac725084585,Көргеннен көзақы сұрама.,,2,0,teens,male_masculine,,,kk,
a7c444851738561bca94dc9f8525b2819433137309fe955eb1b152830a97b9bac87733d057483d1d20f53e152050504538c27422b29d7843997f3a256324c582,common_voice_kk_25029353.wav,2b6727c4cfba8fa0fc37fb07b77c5c61249e497b0c20fe393b624e28e917f871,"Ат қартайса, сүріншек болар, ер қартайса, жаңылшақ болар.",,2,0,teens,male_masculine,,,kk,
a7c444851738561bca94dc9f8525b2819433137309fe955eb1b152830a97b9bac87733d057483d1d20f53e152050504538c27422b29d7843997f3a256324c582,common_voice_kk_25029354.wav,24178c04b49f7b3fe447fe56b0cd9d581ae78b2f73111f2870e206f07a00e58e,"Бақыт келерінде жігітті ұйықтатпайды, бақыт кетерінде жігітті оятпайды.",,2,0,teens,male_masculine,,,kk,
a7c444851738561bca94dc9f8525b2819433137309fe955eb1b152830a97b9bac87733d057483d1d20f53e152050504538c27422b29d7843997f3a256324c582,common_voice_kk_25029355.wav,33797cd4ae1afa22d7cc03dcfe4a439b49430b9d33907834753a4213ad4331c8,"Жолдасың соқыр болса, бір көзіңді қысып жүр.",,2,0,teens,male_masculine,,,kk,
a7c444851738561bca94dc9f8525b2819433137309fe955eb1b152830a97b9bac87733d057483d1d20f53e152050504538c27422b29d7843997f3a256324c582,common_voice_kk_25029356.wav,232cb226eaf991ad89a5a24ea7f7e497ee361f400717ad9e987a9efc3208a022,"Егін піспей тұрып, қап сайла.",,2,0,teens,male_masculine,,,kk,
a7c444851738561bca94dc9f8525b2819433137309fe955eb1b152830a97b9bac87733d057483d1d20f53e152050504538c27422b29d7843997f3a256324c582,common_voice_kk_25029357.wav,30ee60d25163bc8d6bc89af6c1cbe92cfd816cd4223f1272b0e4414e1d4d4c60,"Қыдырлы қонақ қыдырып келер, қыдыры артынан шұбырып келер.",,2,0,teens,male_masculine,,,kk,
a7c444851738561bca94dc9f8525b2819433137309fe955eb1b152830a97b9bac87733d057483d1d20f53e152050504538c27422b29d7843997f3a256324c582,common_voice_kk_25029358.wav,305d2891fc75b65d4700aa051f5cebaab037ffce10cc4366d167fa761781c127,Қарыстан сүйем жуық.,,2,0,teens,male_masculine,,,kk,
a7c444851738561bca94dc9f8525b2819433137309fe955eb1b152830a97b9bac87733d057483d1d20f53e152050504538c27422b29d7843997f3a256324c582,common_voice_kk_25029359.wav,3245b59edf4b7ab864ac43065ca802ca1daec8df72b4a9cda9132769f3bf311b,"Білімдімен жолдас болсаң, білікті боларсың.",,2,0,teens,male_masculine,,,kk,
a7c444851738561bca94dc9f8525b2819433137309fe955eb1b152830a97b9bac87733d057483d1d20f53e152050504538c27422b29d7843997f3a256324c582,common_voice_kk_25029360.wav,33bd4e9a0678cacb15016692b2b555391b68f8c38f3f10aeb9b500dbd8562f31,"Атадан бала туса игі, ата жолын қуса игі.",,2,0,teens,male_masculine,,,kk,
a7c444851738561bca94dc9f8525b2819433137309fe955eb1b152830a97b9bac87733d057483d1d20f53e152050504538c27422b29d7843997f3a256324c582,common_voice_kk_25029361.wav,3141eb7b6c67979f946f70ef37b017f06106ae14058209c5ce874bf0a708e75d,Ер қаруы — бес қару.,,2,0,teens,male_masculine,,,kk,
a7c444851738561bca94dc9f8525b2819433137309fe955eb1b152830a97b9bac87733d057483d1d20f53e152050504538c27422b29d7843997f3a256324c582,common_voice_kk_25029362.wav,2ca69553d8465956495d7982b05f94afe0a9f5fa02d9342c91335131c9abe6e9,"Ет жегеннің бәрі қонақ, енші алғанның бәрі бөрік.",,2,0,teens,male_masculine,,,kk,
a7c444851738561bca94dc9f8525b2819433137309fe955eb1b152830a97b9bac87733d057483d1d20f53e152050504538c27422b29d7843997f3a256324c582,common_voice_kk_25029368.wav,0bb46ae17dd9b21ee74f3aaec0afaa4d9d02b596e9adc68e7c032cc0e63d2ba9,"Шын би сөзіңді бағады, сұм би көзіңді бағады.",,2,1,teens,male_masculine,,,kk,
a7c444851738561bca94dc9f8525b2819433137309fe955eb1b152830a97b9bac87733d057483d1d20f53e152050504538c27422b29d7843997f3a256324c582,common_voice_kk_25029369.wav,28bc914822a3ce7f87fe6a394ac9ef629234e9fe6fc1a76ce9e4ba53b90b2f36,"Басы қату болса, аяғы тату болады.",,2,1,teens,male_masculine,,,kk,
a7c444851738561bca94dc9f8525b2819433137309fe955eb1b152830a97b9bac87733d057483d1d20f53e152050504538c27422b29d7843997f3a256324c582,common_voice_kk_25029370.wav,2dce2ad57a3503a65ea10647412d0a8a99827278cad83c5653962c29692232dd,"Жаман етке келеді, жақсы ниетке келеді.",,2,1,teens,male_masculine,,,kk,
a7c444851738561bca94dc9f8525b2819433137309fe955eb1b152830a97b9bac87733d057483d1d20f53e152050504538c27422b29d7843997f3a256324c582,common_voice_kk_25029371.wav,18bc8c97ef7ed21a1bf97e1b8ba9b1b2ae7aaba311f072068f5c58b840d280aa,"Ішкен мас, тойған тоқ.",,2,0,teens,male_masculine,,,kk,
a7c444851738561bca94dc9f8525b2819433137309fe955eb1b152830a97b9bac87733d057483d1d20f53e152050504538c27422b29d7843997f3a256324c582,common_voice_kk_25029372.wav,326f6ec7cba7de6bb69eb592c3814d5db44b4931bc9dc70b1d7478b95ab1206b,"Қыз жақсы болса, елдің көркі, жаман болса, үйдің жұты.",,2,0,teens,male_masculine,,,kk,
a7c444851738561bca94dc9f8525b2819433137309fe955eb1b152830a97b9bac87733d057483d1d20f53e152050504538c27422b29d7843997f3a256324c582,common_voice_kk_25029378.wav,01fd301f739a0f8db17d8a6d46663cfb6cb407f8e4f7a7e4fd5b40e1a0fc492f,"Баланың өзі туғандай, келіннің өзі келгендей.",,2,0,teens,male_masculine,,,kk,
a7c444851738561bca94dc9f8525b2819433137309fe955eb1b152830a97b9bac87733d057483d1d20f53e152050504538c27422b29d7843997f3a256324c582,common_voice_kk_25029379.wav,072037512a7f93820e236bdb5df39079344b0369a7e11999664b2dce4958e4a7,"Ит пысқырса, мал өледі, қожа пысқырса, адам өледі.",,2,0,teens,male_masculine,,,kk,
a7c444851738561bca94dc9f8525b2819433137309fe955eb1b152830a97b9bac87733d057483d1d20f53e152050504538c27422b29d7843997f3a256324c582,common_voice_kk_25029380.wav,346afa4e8b7cae6389c8c53c0045de8a43bcfac1d40b2ddeb08ef06c0ebebd99,Азғыруға адамның шайтаны жаман.,,2,0,teens,male_masculine,,,kk,
a7c444851738561bca94dc9f8525b2819433137309fe955eb1b152830a97b9bac87733d057483d1d20f53e152050504538c27422b29d7843997f3a256324c582,common_voice_kk_25029381.wav,3520083ffdc60006c472ec91593e32889688b32b4eefc57d5792cd1d206c3156,"Қыз өссе, үйге жұт, ұл өссе, үйге құт.",,2,0,teens,male_masculine,,,kk,
a7c444851738561bca94dc9f8525b2819433137309fe955eb1b152830a97b9bac87733d057483d1d20f53e152050504538c27422b29d7843997f3a256324c582,common_voice_kk_25029382.wav,2e85098d48724ee1557d965f2872ba9bb25665e7ee896d98e247b625fea4727b,"Көз сыртында көз бар, тіл астында тіл бар.",,2,0,teens,male_masculine,,,kk,
a7c444851738561bca94dc9f8525b2819433137309fe955eb1b152830a97b9bac87733d057483d1d20f53e152050504538c27422b29d7843997f3a256324c582,common_voice_kk_25029383.wav,1f1274a0214d95a18829d6243ed64d4b7947c4f3bd29c673bcd5289a4bebb197,"Байлар ашты тоқ санар, аш жаманын жоқ санар.",,2,0,teens,male_masculine,,,kk,
a7c444851738561bca94dc9f8525b2819433137309fe955eb1b152830a97b9bac87733d057483d1d20f53e152050504538c27422b29d7843997f3a256324c582,common_voice_kk_25029384.wav,1344d4766b42bbc46d0e5e0eefdf90b6fb85d92c3638e3c0dc5598cb232e8718,"Арық атқа қамшы жау, жыртық үйге тамшы жау.",,2,0,teens,male_masculine,,,kk,
a7c444851738561bca94dc9f8525b2819433137309fe955eb1b152830a97b9bac87733d057483d1d20f53e152050504538c27422b29d7843997f3a256324c582,common_voice_kk_25029385.wav,017ae0becd0b9c08b81ca03e2938d9741615a58271383f0591494c834974382c,"Ұрлық қылып, мал берсе, адалдықтан не пайда?",,2,0,teens,male_masculine,,,kk,
a7c444851738561bca94dc9f8525b2819433137309fe955eb1b152830a97b9bac87733d057483d1d20f53e152050504538c27422b29d7843997f3a256324c582,common_voice_kk_25029386.wav,170ebdae1184abecd33bebcc815b4352b4c78f5039f3d6fd4ad38be3d239ceb4,Ақсақ қой түстен кейін маңырайды.,,2,0,teens,male_masculine,,,kk,
a7c444851738561bca94dc9f8525b2819433137309fe955eb1b152830a97b9bac87733d057483d1d20f53e152050504538c27422b29d7843997f3a256324c582,common_voice_kk_25029387.wav,26f896686fd0a80fc84e06dd168bd58e3e058b1c7c0cf4ec71bf80c63b3779e4,"Жүздің жүзін танығанша, бірдің атын біл.",,2,0,teens,male_masculine,,,kk,
a7c444851738561bca94dc9f8525b2819433137309fe955eb1b152830a97b9bac87733d057483d1d20f53e152050504538c27422b29d7843997f3a256324c582,common_voice_kk_25029388.wav,2b1b59f806860ab18b321c99ca3e42c60cc4813fbd4517309d671ebfe02833fe,"Жаманмен жолдас болсаң, кесірі жұғар.",,2,0,teens,male_masculine,,,kk,
a7c444851738561bca94dc9f8525b2819433137309fe955eb1b152830a97b9bac87733d057483d1d20f53e152050504538c27422b29d7843997f3a256324c582,common_voice_kk_25029391.wav,33bc377f2bf29de6b3cd13a29bc0b18248a1f475e92d7e8b1fbdb4a7b2aca23b,Шөлдегі шұқанақ суға тоймас.,,3,0,teens,male_masculine,,,kk,
a7c444851738561bca94dc9f8525b2819433137309fe955eb1b152830a97b9bac87733d057483d1d20f53e152050504538c27422b29d7843997f3a256324c582,common_voice_kk_25029395.wav,1608d2cebb3cc9c7f8dcf5e420b04cc09843677552590adf641a92b5f5b3fbed,"Бұл сексен көрейін деген жасым ба еді, быламық ішейін деген асым ба еді?",,2,0,teens,male_masculine,,,kk,
a7c444851738561bca94dc9f8525b2819433137309fe955eb1b152830a97b9bac87733d057483d1d20f53e152050504538c27422b29d7843997f3a256324c582,common_voice_kk_25029397.wav,052db0a28decb6931069b2a2b8e2fddb09f8eacfeb4633ccc12d1a0c55ff058a,"Ақшасыздың қолы келте, жалқаулардың тоны келте.",,2,0,teens,male_masculine,,,kk,
81f550b693b06aca71218583a932a98ceaccf7bc2be16f896cf1cebd3699abd6fc8605ac3f04882d706153ddf6d6630ae77344e66d175875ef337d0d0ec3b044,common_voice_kk_24975785.wav,02f94a3dc7410cdb28c1009f36ac36f4c6d83404b34ca0121021738e0d24f9b5,"Ісің ақ болса, Құдайың жақ болады.",,2,0,,,,,kk,
81f550b693b06aca71218583a932a98ceaccf7bc2be16f896cf1cebd3699abd6fc8605ac3f04882d706153ddf6d6630ae77344e66d175875ef337d0d0ec3b044,common_voice_kk_24975786.wav,13636f3a551915a80bec4580fa4dadd7c43a4ed2f01001eb6564eb16760b95a3,Жаны күйген Тәңірін қарғар.,,2,0,,,,,kk,
81f550b693b06aca71218583a932a98ceaccf7bc2be16f896cf1cebd3699abd6fc8605ac3f04882d706153ddf6d6630ae77344e66d175875ef337d0d0ec3b044,common_voice_kk_24975787.wav,126f85295865f6259fdbebbb3ed2572c00ae1ba76928155eab7de451d262de83,Жолсызда кібіртіктеп қорғалайды.,,2,0,,,,,kk,
81f550b693b06aca71218583a932a98ceaccf7bc2be16f896cf1cebd3699abd6fc8605ac3f04882d706153ddf6d6630ae77344e66d175875ef337d0d0ec3b044,common_voice_kk_24975788.wav,1d88361103e8f8c903654e17e61e60b1fcc91a6d8229235e0b8a93938c16b1ab,"Жақсы кісі мақтанса, «Жаманнан жата беріп қалдым» дер.",,2,0,,,,,kk,
81f550b693b06aca71218583a932a98ceaccf7bc2be16f896cf1cebd3699abd6fc8605ac3f04882d706153ddf6d6630ae77344e66d175875ef337d0d0ec3b044,common_voice_kk_24975789.wav,1c4a8d40275a72898f49e3ab590fa81f4552933cadfc170db4aa91f1e7d7904b,"Талапты бала талпынған құстай, құмары қанбас, аспанға ұшпай.",,2,0,,,,,kk,
81f550b693b06aca71218583a932a98ceaccf7bc2be16f896cf1cebd3699abd6fc8605ac3f04882d706153ddf6d6630ae77344e66d175875ef337d0d0ec3b044,common_voice_kk_24975795.wav,186a5fd9de1faa321e3184dc790684b7b172ef2bd1b8737710f223cae676a637,"Жауға батыл бол, дауға бақыл бол.",,2,0,,,,,kk,
81f550b693b06aca71218583a932a98ceaccf7bc2be16f896cf1cebd3699abd6fc8605ac3f04882d706153ddf6d6630ae77344e66d175875ef337d0d0ec3b044,common_voice_kk_24975796.wav,0de29dc9da87fdb2b7bfe6239710f86b74b8822c2d98f0e919519d483150911d,"Жақсыға айтсаң, біледі, жаманға айтсаң, күледі.",,2,0,,,,,kk,
81f550b693b06aca71218583a932a98ceaccf7bc2be16f896cf1cebd3699abd6fc8605ac3f04882d706153ddf6d6630ae77344e66d175875ef337d0d0ec3b044,common_voice_kk_24975797.wav,1327a30eb80117707f9672d2b5ceb09645aa09ed8fcc610f9aa795c77379bc55,"Ағадан іні ақылды болса, үш жасы үлкен болады.",,2,0,,,,,kk,
81f550b693b06aca71218583a932a98ceaccf7bc2be16f896cf1cebd3699abd6fc8605ac3f04882d706153ddf6d6630ae77344e66d175875ef337d0d0ec3b044,common_voice_kk_24975798.wav,0da87491e08576db25032196c7e082c0e36b8a20f9434656959bbd047414368e,"Баланы жастан, қатынды бастан.",,2,0,,,,,kk,
81f550b693b06aca71218583a932a98ceaccf7bc2be16f896cf1cebd3699abd6fc8605ac3f04882d706153ddf6d6630ae77344e66d175875ef337d0d0ec3b044,common_voice_kk_24975799.wav,1c0975825b41bb58996d66a7fc64c52816fb4831b104c4f27d77cf94685fb236,"Ел ағасыз болмас, тон жағасыз болмас.",,2,1,,,,,kk,
81f550b693b06aca71218583a932a98ceaccf7bc2be16f896cf1cebd3699abd6fc8605ac3f04882d706153ddf6d6630ae77344e66d175875ef337d0d0ec3b044,common_voice_kk_24975800.wav,1dc5c4cdb74e792024b02da38c2cc39bcc4d26f76157fba2ae0ce6350c6d5f45,"Баласы бардың өзі ойнар, баласы жоқтың көзі ойнар.",,2,0,,,,,kk,
81f550b693b06aca71218583a932a98ceaccf7bc2be16f896cf1cebd3699abd6fc8605ac3f04882d706153ddf6d6630ae77344e66d175875ef337d0d0ec3b044,common_voice_kk_24975801.wav,1b11e21d9d8c139c5cfc5d29142000d7e9abd078fda81181d349941f5c06b5e7,"Жастықта бейнет бер, қартайғанда зейнет бер.",,2,0,,,,,kk,
81f550b693b06aca71218583a932a98ceaccf7bc2be16f896cf1cebd3699abd6fc8605ac3f04882d706153ddf6d6630ae77344e66d175875ef337d0d0ec3b044,common_voice_kk_24975802.wav,04181ab2127c727060721779e8e24e61e4b4962082b8a244ddad019da97175a2,"Гүрілдеп келген жаудан, күлімдеп келген қас жаман.",,2,0,,,,,kk,
81f550b693b06aca71218583a932a98ceaccf7bc2be16f896cf1cebd3699abd6fc8605ac3f04882d706153ddf6d6630ae77344e66d175875ef337d0d0ec3b044,common_voice_kk_24975803.wav,15fe87ee8d5f95f4ec38f43cd0ea74a92e8a3f37b7539627d40bff65676c7fb6,Күрекке жұмыс табылар.,,2,0,,,,,kk,
81f550b693b06aca71218583a932a98ceaccf7bc2be16f896cf1cebd3699abd6fc8605ac3f04882d706153ddf6d6630ae77344e66d175875ef337d0d0ec3b044,common_voice_kk_24975804.wav,0c0a13d6bb2bc577e6d53c98137f527e100e3bc83af883596a87d9e97db890f8,"Тоңға жатқан мал оңбас, тобырға түскен іс оңбас.",,2,0,,,,,kk,
81f550b693b06aca71218583a932a98ceaccf7bc2be16f896cf1cebd3699abd6fc8605ac3f04882d706153ddf6d6630ae77344e66d175875ef337d0d0ec3b044,common_voice_kk_24975810.wav,042c1a9ed90ddc1b15f6898a16fad6b99e87137314094d2994ee39cbf43f7087,"Қатын шайпау болмай, ер жалғыз үй қонбайды.",,2,0,,,,,kk,
81f550b693b06aca71218583a932a98ceaccf7bc2be16f896cf1cebd3699abd6fc8605ac3f04882d706153ddf6d6630ae77344e66d175875ef337d0d0ec3b044,common_voice_kk_24975811.wav,1288dbb1caacc884ce0d7451cb13c6f34ba9485578912df5a89de9223fc25977,"Өсер бала өрісшіл, өспейтін ұл керісшіл.",,2,0,,,,,kk,
81f550b693b06aca71218583a932a98ceaccf7bc2be16f896cf1cebd3699abd6fc8605ac3f04882d706153ddf6d6630ae77344e66d175875ef337d0d0ec3b044,common_voice_kk_24975812.wav,1d6e7eaab1dee652f859ffbf0f1939955f7154bbe768ec202416ba4e2818c9c2,Жұмысы жоқ ит ойнатар.,,2,0,,,,,kk,
81f550b693b06aca71218583a932a98ceaccf7bc2be16f896cf1cebd3699abd6fc8605ac3f04882d706153ddf6d6630ae77344e66d175875ef337d0d0ec3b044,common_voice_kk_24975813.wav,1ae51db3f9b32af42b3bc573a91db9dd5551c8582db93196d43654bbc4cfa15d,Күншілдің күні шықпайды.,,2,0,,,,,kk,
81f550b693b06aca71218583a932a98ceaccf7bc2be16f896cf1cebd3699abd6fc8605ac3f04882d706153ddf6d6630ae77344e66d175875ef337d0d0ec3b044,common_voice_kk_24975814.wav,0b380736edf3b0fc17ee2c7d698d876b08146c53c9e2c9892a7accdcf51d253a,"Жақсы болса алғаның, үйіңнен кісі кетпейді, жаман болса алғаның, тек жүргенге жетпейді.",,2,0,,,,,kk,
81f550b693b06aca71218583a932a98ceaccf7bc2be16f896cf1cebd3699abd6fc8605ac3f04882d706153ddf6d6630ae77344e66d175875ef337d0d0ec3b044,common_voice_kk_24975850.wav,036e36576edc1c089cc19db0f5ff737ba7b86877b7b4e5ac31e5b07db1bce471,"Көлдің құты кетсе, құтаны үш күн бұрын кетер.",,2,0,twenties,male_masculine,,,kk,
81f550b693b06aca71218583a932a98ceaccf7bc2be16f896cf1cebd3699abd6fc8605ac3f04882d706153ddf6d6630ae77344e66d175875ef337d0d0ec3b044,common_voice_kk_24975851.wav,1348e2ad0e66f1d9c5dc917ce4f9cf44a02708a5e0df954c489d79b0fc16f96f,"Бала, баланың ісі шала.",,2,0,twenties,male_masculine,,,kk,
81f550b693b06aca71218583a932a98ceaccf7bc2be16f896cf1cebd3699abd6fc8605ac3f04882d706153ddf6d6630ae77344e66d175875ef337d0d0ec3b044,common_voice_kk_24975852.wav,00d23dca7bc095fcb5b2f36cd7b3289cb95ab096c73b1d507573cea4d8aedd4a,"Сабырлық қуанышқа жетер, ашу күйінішке кетер.",,2,0,twenties,male_masculine,,,kk,
81f550b693b06aca71218583a932a98ceaccf7bc2be16f896cf1cebd3699abd6fc8605ac3f04882d706153ddf6d6630ae77344e66d175875ef337d0d0ec3b044,common_voice_kk_24975854.wav,05fb2a12ac18a6c73177e0e33f398ff7f2af82f0075d7e6c8eeff6e7c830287b,Жолы қырсыққан итке боқ кездеспес.,,2,0,twenties,male_masculine,,,kk,
81f550b693b06aca71218583a932a98ceaccf7bc2be16f896cf1cebd3699abd6fc8605ac3f04882d706153ddf6d6630ae77344e66d175875ef337d0d0ec3b044,common_voice_kk_24975870.wav,0c4ea4cb98c63cbab7d314dc8f60eb476be34cbf62b267ba25d426011812b66a,"Тәуекелдің кемесі суға батпайды, отқа жанбайды.",,2,0,twenties,male_masculine,,,kk,
81f550b693b06aca71218583a932a98ceaccf7bc2be16f896cf1cebd3699abd6fc8605ac3f04882d706153ddf6d6630ae77344e66d175875ef337d0d0ec3b044,common_voice_kk_24975871.wav,05f6a2e0fac5ac4c59e452e99a543ea2a1b691b534fc9d066560f01eb6ee77df,Айласыз батыр алдырар.,,2,0,twenties,male_masculine,,,kk,
81f550b693b06aca71218583a932a98ceaccf7bc2be16f896cf1cebd3699abd6fc8605ac3f04882d706153ddf6d6630ae77344e66d175875ef337d0d0ec3b044,common_voice_kk_24975872.wav,05fd863b60cee177d9231b4664aaa260ffc4015c641ad6be8136c401bedae2d5,"Қой егіз туады: бірі қонаққа сойылады, бірі қошқар қойылады.",,2,0,twenties,male_masculine,,,kk,
81f550b693b06aca71218583a932a98ceaccf7bc2be16f896cf1cebd3699abd6fc8605ac3f04882d706153ddf6d6630ae77344e66d175875ef337d0d0ec3b044,common_voice_kk_24975873.wav,06595b6da787a65a4a78991add28e3fe29f4df5bc3bf582a89c98478e763edd7,"Теңі келсе, тегін бер.",,2,0,twenties,male_masculine,,,kk,
81f550b693b06aca71218583a932a98ceaccf7bc2be16f896cf1cebd3699abd6fc8605ac3f04882d706153ddf6d6630ae77344e66d175875ef337d0d0ec3b044,common_voice_kk_24975874.wav,1cba10e770973715f444bfa5b1d7beae2ce48790d756d159cc2aee20a78969e8,Шыбын да аңқаудың аузын аңдиды.,,2,0,twenties,male_masculine,,,kk,
81f550b693b06aca71218583a932a98ceaccf7bc2be16f896cf1cebd3699abd6fc8605ac3f04882d706153ddf6d6630ae77344e66d175875ef337d0d0ec3b044,common_voice_kk_24975890.wav,0bcfc38ebf7f3919a15312c373f3c9abca54935c96c7ed21421bc344b19e19e8,"Өз сөзіңді шекер дейсің, өзге сөзді бекер дейсің.",,2,0,twenties,male_masculine,,,kk,
81f550b693b06aca71218583a932a98ceaccf7bc2be16f896cf1cebd3699abd6fc8605ac3f04882d706153ddf6d6630ae77344e66d175875ef337d0d0ec3b044,common_voice_kk_24975891.wav,0a0beba50eda21bbed4ef82740eba943fb2a2e1ea685807e2737bc9a75b74837,Бұйырмаған ауыздан кетер.,,2,0,twenties,male_masculine,,,kk,
81f550b693b06aca71218583a932a98ceaccf7bc2be16f896cf1cebd3699abd6fc8605ac3f04882d706153ddf6d6630ae77344e66d175875ef337d0d0ec3b044,common_voice_kk_24975892.wav,1a702d960b8c191e486097420c5abcd47efae11bd36f9a521f6479d333d6b2ac,"Тоғызымыз жиылып, тоқты жыққан батырмыз.",,2,0,twenties,male_masculine,,,kk,
81f550b693b06aca71218583a932a98ceaccf7bc2be16f896cf1cebd3699abd6fc8605ac3f04882d706153ddf6d6630ae77344e66d175875ef337d0d0ec3b044,common_voice_kk_24975893.wav,09a3077c15057d9af63525dce464105abf4203f36fd65d1fa48e551c77b432e4,Аттың жалында атанның қомында.,,2,0,twenties,male_masculine,,,kk,
81f550b693b06aca71218583a932a98ceaccf7bc2be16f896cf1cebd3699abd6fc8605ac3f04882d706153ddf6d6630ae77344e66d175875ef337d0d0ec3b044,common_voice_kk_24975894.wav,142a2fdcd5249372ebfe013fdd5001a5241d2b4ccefc0537d4c50cc92f66d2aa,"Иттен сауын болмас, иттүйнектен қауын болмас.",,2,1,twenties,male_masculine,,,kk,
81f550b693b06aca71218583a932a98ceaccf7bc2be16f896cf1cebd3699abd6fc8605ac3f04882d706153ddf6d6630ae77344e66d175875ef337d0d0ec3b044,common_voice_kk_24975905.wav,1edb5d722a898f1d9134017d0d9bd699f31357e9ad10cddcf8013b97207cc1a6,Көш жүре түзеледі.,,2,0,twenties,male_masculine,,,kk,
81f550b693b06aca71218583a932a98ceaccf7bc2be16f896cf1cebd3699abd6fc8605ac3f04882d706153ddf6d6630ae77344e66d175875ef337d0d0ec3b044,common_voice_kk_24975906.wav,080424b33dc330ac5a4049766dcadc8df0648bba69f80541e73212d502221e85,"Байтал түгіл, бас қайғы.",,2,0,twenties,male_masculine,,,kk,
81f550b693b06aca71218583a932a98ceaccf7bc2be16f896cf1cebd3699abd6fc8605ac3f04882d706153ddf6d6630ae77344e66d175875ef337d0d0ec3b044,common_voice_kk_24975907.wav,19e6adffc8c11a97f2611eb335e8b01596bcb706376b0cd1b518f1edbc30d8db,Тоқсан ауыз сөздің тобықтай түйіні бар.,,2,0,twenties,male_masculine,,,kk,
81f550b693b06aca71218583a932a98ceaccf7bc2be16f896cf1cebd3699abd6fc8605ac3f04882d706153ddf6d6630ae77344e66d175875ef337d0d0ec3b044,common_voice_kk_24975908.wav,06b8714570366e2c6a8b6fab9a35a2d4fd998f6390f93d198e05882e24578610,"Иттің боғы дәрі болса, дарияға тышады.",,2,0,twenties,male_masculine,,,kk,
81f550b693b06aca71218583a932a98ceaccf7bc2be16f896cf1cebd3699abd6fc8605ac3f04882d706153ddf6d6630ae77344e66d175875ef337d0d0ec3b044,common_voice_kk_24975909.wav,0618111b1afaf0bd009c307c1ae03518f7e91719651b0f4196ec14e8eef104de,"Арам жесең, аянбай же.",,2,0,twenties,male_masculine,,,kk,
81f550b693b06aca71218583a932a98ceaccf7bc2be16f896cf1cebd3699abd6fc8605ac3f04882d706153ddf6d6630ae77344e66d175875ef337d0d0ec3b044,common_voice_kk_24975916.wav,021c0747e5e2944e1c15761e4a1d3f23aff2d46361b65952c4724feabf4e0802,"Кішкентай өспей ме, көкейіңді теспей ме!",,2,1,twenties,male_masculine,,,kk,
81f550b693b06aca71218583a932a98ceaccf7bc2be16f896cf1cebd3699abd6fc8605ac3f04882d706153ddf6d6630ae77344e66d175875ef337d0d0ec3b044,common_voice_kk_24975926.wav,121f57d93acf4427e8928da927b666ce1dfeb3471d91a90a3fc9900e7cf9510d,Қазақтың салт-дәстүрлері ежелден келе жатыр.,,2,0,twenties,male_masculine,,,kk,
81f550b693b06aca71218583a932a98ceaccf7bc2be16f896cf1cebd3699abd6fc8605ac3f04882d706153ddf6d6630ae77344e66d175875ef337d0d0ec3b044,common_voice_kk_24975927.wav,14def04c2f360557b761fe5b3e6fa4f4b524e31fce300b130fbaafc1050716b6,"Жүйрік атқа жал бітпес, тақтаққа мал бітпес.",,2,0,twenties,male_masculine,,,kk,
81f550b693b06aca71218583a932a98ceaccf7bc2be16f896cf1cebd3699abd6fc8605ac3f04882d706153ddf6d6630ae77344e66d175875ef337d0d0ec3b044,common_voice_kk_24975928.wav,0c8d3c87bf9d451b1340dae9c6ae2a70c22d8adcdc9040e7a2e71a7fc368a89a,"Не ақсағанда аларсың, не қақсағанда аларсың.",,2,0,twenties,male_masculine,,,kk,
81f550b693b06aca71218583a932a98ceaccf7bc2be16f896cf1cebd3699abd6fc8605ac3f04882d706153ddf6d6630ae77344e66d175875ef337d0d0ec3b044,common_voice_kk_24975929.wav,11f06e7f6cd5117ecfe433352dc3fd5487ad0df2c80f340deef74e0bbf3bba22,Жер дауынан жесір дауы қиын.,,2,0,twenties,male_masculine,,,kk,
81f550b693b06aca71218583a932a98ceaccf7bc2be16f896cf1cebd3699abd6fc8605ac3f04882d706153ddf6d6630ae77344e66d175875ef337d0d0ec3b044,common_voice_kk_24975930.wav,106ea101299e24e5d1fff90f17f97f612ab444bb122c3a7d0367fc00b3e1b14e,"Боранды күні бала құтырар, желді күні ит құтырар.",,2,0,twenties,male_masculine,,,kk,
81f550b693b06aca71218583a932a98ceaccf7bc2be16f896cf1cebd3699abd6fc8605ac3f04882d706153ddf6d6630ae77344e66d175875ef337d0d0ec3b044,common_voice_kk_24975931.wav,0a5e890a94938e6f3a9a8c74b926ca11f69b9e7416b72d8a1b01ba651301b2fb,"Жығылсаң, жер көтереді.",,2,0,twenties,male_masculine,,,kk,
81f550b693b06aca71218583a932a98ceaccf7bc2be16f896cf1cebd3699abd6fc8605ac3f04882d706153ddf6d6630ae77344e66d175875ef337d0d0ec3b044,common_voice_kk_24975932.wav,1e0813a648b2975edd026b3e37e803aeaee2d795cdca2f073de1a4a5f829303b,"Шам көрмеген шам көрсе, күндіз шамы сөнбейді.",,2,1,twenties,male_masculine,,,kk,
81f550b693b06aca71218583a932a98ceaccf7bc2be16f896cf1cebd3699abd6fc8605ac3f04882d706153ddf6d6630ae77344e66d175875ef337d0d0ec3b044,common_voice_kk_24975933.wav,090b62662734b65c083c6317ed63ed34692920dd493d686ed9e9454767a78b86,"Жүргенге жөргем ілінеді, жатқанға жан жуымайды.",,2,1,twenties,male_masculine,,,kk,
81f550b693b06aca71218583a932a98ceaccf7bc2be16f896cf1cebd3699abd6fc8605ac3f04882d706153ddf6d6630ae77344e66d175875ef337d0d0ec3b044,common_voice_kk_24975934.wav,1f26ef6c1bcb9f6276b0b95a4fecec9774702004031b776c1c3eac8bad6d2800,Өз еліңнен шет жерде шуақсыз болар көктем де.,,2,1,twenties,male_masculine,,,kk,
81f550b693b06aca71218583a932a98ceaccf7bc2be16f896cf1cebd3699abd6fc8605ac3f04882d706153ddf6d6630ae77344e66d175875ef337d0d0ec3b044,common_voice_kk_24975936.wav,0f7f4644b3e0d91dc0d0d32624fb8809f63358c4bf12a9c791adbdf33e963f8e,"Көз көзге түссе, мейірі жүзге түседі.",,2,0,twenties,male_masculine,,,kk,
81f550b693b06aca71218583a932a98ceaccf7bc2be16f896cf1cebd3699abd6fc8605ac3f04882d706153ddf6d6630ae77344e66d175875ef337d0d0ec3b044,common_voice_kk_24975938.wav,01baeb6cc95415d74715944ab89303ac7c1b4cade5eb60d032514f92b4f81fd0,"Ақылды адам сағыңды сындырмас, ақымақ адам жағыңды тындырмас.",,2,0,twenties,male_masculine,,,kk,
81f550b693b06aca71218583a932a98ceaccf7bc2be16f896cf1cebd3699abd6fc8605ac3f04882d706153ddf6d6630ae77344e66d175875ef337d0d0ec3b044,common_voice_kk_24975939.wav,04b2a02d8c2d986dddd8226a41aca1bd2b553873ee70c54c87ebf21a752ad551,"Кісінің үйінде құл болсаң, өз үйіңде ұл боларсың.",,2,0,twenties,male_masculine,,,kk,
81f550b693b06aca71218583a932a98ceaccf7bc2be16f896cf1cebd3699abd6fc8605ac3f04882d706153ddf6d6630ae77344e66d175875ef337d0d0ec3b044,common_voice_kk_24975940.wav,1d32b51b2530b6a1e3c638bf891a74f328adf53bb6c37d1fddf72d0d7306841e,"«Атасына рақмет, алса да атап-атап алды ғой»!",,2,0,twenties,male_masculine,,,kk,
81f550b693b06aca71218583a932a98ceaccf7bc2be16f896cf1cebd3699abd6fc8605ac3f04882d706153ddf6d6630ae77344e66d175875ef337d0d0ec3b044,common_voice_kk_24975941.wav,19207736eef1663ea869ea7e719893eb762e5f279bd02956359cdfa1393f74de,Сабақты ине сәтімен.,,2,0,twenties,male_masculine,,,kk,
81f550b693b06aca71218583a932a98ceaccf7bc2be16f896cf1cebd3699abd6fc8605ac3f04882d706153ddf6d6630ae77344e66d175875ef337d0d0ec3b044,common_voice_kk_24975942.wav,076948dd6b32a4d2e25706e275617685ba415b02f1988e643a21ebcd8902f38b,"Атдорбасын иіскемей, ат тоймайды.",,2,0,twenties,male_masculine,,,kk,
81f550b693b06aca71218583a932a98ceaccf7bc2be16f896cf1cebd3699abd6fc8605ac3f04882d706153ddf6d6630ae77344e66d175875ef337d0d0ec3b044,common_voice_kk_24975943.wav,1e6520a23cb17de3f2e93aaa08f372d004f0889117be04f7a1309b8f970dd271,"Асқа барсаң, атыңнан безерсің, тойға барсаң, қатыныңнан безерсің.",,2,0,twenties,male_masculine,,,kk,
81f550b693b06aca71218583a932a98ceaccf7bc2be16f896cf1cebd3699abd6fc8605ac3f04882d706153ddf6d6630ae77344e66d175875ef337d0d0ec3b044,common_voice_kk_24975944.wav,1c235c0c2912a35a0962f98984323b6c63d9c8b7bffd84f6f15ca443b6e36bbf,"Топ көрмеген — қорғаншақ, топтан озған — қызғаншақ.",,2,0,twenties,male_masculine,,,kk,
81f550b693b06aca71218583a932a98ceaccf7bc2be16f896cf1cebd3699abd6fc8605ac3f04882d706153ddf6d6630ae77344e66d175875ef337d0d0ec3b044,common_voice_kk_24975955.wav,102ce41449563fe91826a71b38409a165d67908ac2f8d2bc7b4c4c15b4ca179c,Қайғысыз қара суға семіреді.,,2,0,twenties,male_masculine,,,kk,
81f550b693b06aca71218583a932a98ceaccf7bc2be16f896cf1cebd3699abd6fc8605ac3f04882d706153ddf6d6630ae77344e66d175875ef337d0d0ec3b044,common_voice_kk_24975960.wav,0b9c675b16a795904959d6f67159e79aa2c7add03ec0b458071812c8ed46d21b,"Ер басына күн туса, етігімен су кешер.",,2,0,twenties,male_masculine,,,kk,
81f550b693b06aca71218583a932a98ceaccf7bc2be16f896cf1cebd3699abd6fc8605ac3f04882d706153ddf6d6630ae77344e66d175875ef337d0d0ec3b044,common_voice_kk_24975962.wav,1e1291473c07b9dc392bd20ae362b84e6b09ead3abe4b0be0a093c85c7c942e7,"Ақылсыз адам менмен келер, ақылды адам кең келер.",,2,0,twenties,male_masculine,,,kk,
81f550b693b06aca71218583a932a98ceaccf7bc2be16f896cf1cebd3699abd6fc8605ac3f04882d706153ddf6d6630ae77344e66d175875ef337d0d0ec3b044,common_voice_kk_24975963.wav,102d82a2dbcb6d2b148d8948df2e203f1a37e36e93acb197cd95de7b23546693,"Жаман атқа жал бітсе, жанына торсық байлатпас.",,2,0,twenties,male_masculine,,,kk,
81f550b693b06aca71218583a932a98ceaccf7bc2be16f896cf1cebd3699abd6fc8605ac3f04882d706153ddf6d6630ae77344e66d175875ef337d0d0ec3b044,common_voice_kk_24975964.wav,124ab03362b678f1a9a136a33fd2a36ae06e16170469a40cd8ba3d167f76a3eb,Жігіт жолдасынан белгілі.,,2,0,twenties,male_masculine,,,kk,
81f550b693b06aca71218583a932a98ceaccf7bc2be16f896cf1cebd3699abd6fc8605ac3f04882d706153ddf6d6630ae77344e66d175875ef337d0d0ec3b044,common_voice_kk_24975970.wav,1c7b27ebe329ac3c9f3bc7902af1dd5262cd52bbd41997629773a3c9e25bcb50,Қолынан келген қонышынан басады.,,2,0,twenties,male_masculine,,,kk,
81f550b693b06aca71218583a932a98ceaccf7bc2be16f896cf1cebd3699abd6fc8605ac3f04882d706153ddf6d6630ae77344e66d175875ef337d0d0ec3b044,common_voice_kk_24975971.wav,1f2fa8de39a6bf8fd46939989faeee4abe0288becca8ecb8d6410c01725f8efa,Екі ұштыны бір күшті қосар.,,2,0,twenties,male_masculine,,,kk,
81f550b693b06aca71218583a932a98ceaccf7bc2be16f896cf1cebd3699abd6fc8605ac3f04882d706153ddf6d6630ae77344e66d175875ef337d0d0ec3b044,common_voice_kk_24975972.wav,16de84cd704b19ca2cf3e7e7294dec83418b4a36b6eb7d5dcf526ddac97c13d9,"Сұрап бергенше, ұрып бер.",,2,0,twenties,male_masculine,,,kk,
81f550b693b06aca71218583a932a98ceaccf7bc2be16f896cf1cebd3699abd6fc8605ac3f04882d706153ddf6d6630ae77344e66d175875ef337d0d0ec3b044,common_voice_kk_24975973.wav,0c7f6e7a8f2a6e41fde99f63d708131479087e47b72922bdd99dd8f3018824cf,"Тойдың болғанынан, боладысы қызық.",,2,0,twenties,male_masculine,,,kk,
81f550b693b06aca71218583a932a98ceaccf7bc2be16f896cf1cebd3699abd6fc8605ac3f04882d706153ddf6d6630ae77344e66d175875ef337d0d0ec3b044,common_voice_kk_24975974.wav,1b5b1a340d386138163cad1659d8fb52bdd8e2bce3787bee191e7f7462a0333b,Көрмес түйені де көрмес.,,2,0,twenties,male_masculine,,,kk,
81f550b693b06aca71218583a932a98ceaccf7bc2be16f896cf1cebd3699abd6fc8605ac3f04882d706153ddf6d6630ae77344e66d175875ef337d0d0ec3b044,common_voice_kk_24975980.wav,1a23fc222d1d9f083f3803a1f23561480c8d4f181dedaddf6e103c9db17008af,"Ат — адамның қанаты, ac — адамның қуаты.",,2,0,twenties,male_masculine,,,kk,
81f550b693b06aca71218583a932a98ceaccf7bc2be16f896cf1cebd3699abd6fc8605ac3f04882d706153ddf6d6630ae77344e66d175875ef337d0d0ec3b044,common_voice_kk_24975981.wav,0d90e081a19af1894d32fb0023631e95d4bb56e0ab89097d627b77b8e493a5f1,"Жазға жетсең, қыс күніңді ұмытпа.",,2,0,twenties,male_masculine,,,kk,
81f550b693b06aca71218583a932a98ceaccf7bc2be16f896cf1cebd3699abd6fc8605ac3f04882d706153ddf6d6630ae77344e66d175875ef337d0d0ec3b044,common_voice_kk_24975985.wav,13f9bf1264fb5a2ce3c8782d91a0a46483ed01be0f920d6c34c1639902899149,"Арғымақ жүйрікпін деп мақтанба, алдыңда талай өр бар.",,2,0,twenties,male_masculine,,,kk,
81f550b693b06aca71218583a932a98ceaccf7bc2be16f896cf1cebd3699abd6fc8605ac3f04882d706153ddf6d6630ae77344e66d175875ef337d0d0ec3b044,common_voice_kk_24975988.wav,046388f47debbac56fa2a0dab713e3858d8e0be4af1ff5684ede1ebb0d5fbc61,"Біреудің төсін жесең, үйіңде сыйла.",,2,0,twenties,male_masculine,,,kk,
81f550b693b06aca71218583a932a98ceaccf7bc2be16f896cf1cebd3699abd6fc8605ac3f04882d706153ddf6d6630ae77344e66d175875ef337d0d0ec3b044,common_voice_kk_24975989.wav,0224c0ba8f3473593fe8b217c95ff94c1fe28de507a822ae598f76229d2726e2,Әркім өз қозысын қошқар қояды.,,2,0,twenties,male_masculine,,,kk,
81f550b693b06aca71218583a932a98ceaccf7bc2be16f896cf1cebd3699abd6fc8605ac3f04882d706153ddf6d6630ae77344e66d175875ef337d0d0ec3b044,common_voice_kk_24976004.wav,1f502584a587d07ab5f80bde8fe42743a619a6bfb9b38a5b9452ff00c4a2d485,"Көргенсіз жегенін айтар, жақсы көргенін айтар, көргені жаман бергенін айтар.",,2,1,twenties,male_masculine,,,kk,
81f550b693b06aca71218583a932a98ceaccf7bc2be16f896cf1cebd3699abd6fc8605ac3f04882d706153ddf6d6630ae77344e66d175875ef337d0d0ec3b044,common_voice_kk_24976007.wav,1d1c7d73e99f7561835f5585bffc49cd8a3c19adf4cf53db55bf050395475c37,Зинақор әйелден өтірікші бала туады.,,2,0,twenties,male_masculine,,,kk,
81f550b693b06aca71218583a932a98ceaccf7bc2be16f896cf1cebd3699abd6fc8605ac3f04882d706153ddf6d6630ae77344e66d175875ef337d0d0ec3b044,common_voice_kk_24976008.wav,047b577287abb95874f73cc9b7ceb5086153d0927b0a8083e9d484c7983076c3,Жақсы жұмыс — жанға тыныш.,,2,1,twenties,male_masculine,,,kk,
81f550b693b06aca71218583a932a98ceaccf7bc2be16f896cf1cebd3699abd6fc8605ac3f04882d706153ddf6d6630ae77344e66d175875ef337d0d0ec3b044,common_voice_kk_24976009.wav,04d628a795f055281284965b78444126c5ecb5ad767cc71cf9beec04256adbad,Темірші көміршіге үйір.,,2,0,twenties,male_masculine,,,kk,
81f550b693b06aca71218583a932a98ceaccf7bc2be16f896cf1cebd3699abd6fc8605ac3f04882d706153ddf6d6630ae77344e66d175875ef337d0d0ec3b044,common_voice_kk_24976018.wav,1057859aaeeb1792c735e81ed22e44167372cef6ce98b2801b705e81fe8bb69c,"Ер көңілін кім ашар, жарқылдаған жар ашар.",,2,1,twenties,male_masculine,,,kk,
81f550b693b06aca71218583a932a98ceaccf7bc2be16f896cf1cebd3699abd6fc8605ac3f04882d706153ddf6d6630ae77344e66d175875ef337d0d0ec3b044,common_voice_kk_24976021.wav,18a7ded3338d9c99684c08bba39762a767e9f12fd08d464f3bf06d70d641f1e3,"Қараша хан тұсында, қатын ер тұсында.",,2,0,twenties,male_masculine,,,kk,
81f550b693b06aca71218583a932a98ceaccf7bc2be16f896cf1cebd3699abd6fc8605ac3f04882d706153ddf6d6630ae77344e66d175875ef337d0d0ec3b044,common_voice_kk_24976022.wav,137d3a595aa69fd55cf81982c9a638eb3288ff5f17426d8dba4d9f2453fd7fbd,"Жақсы көрген досыңа тәуір көрген малыңды бер, көре-көре сүйсінсін.",,2,0,twenties,male_masculine,,,kk,
81f550b693b06aca71218583a932a98ceaccf7bc2be16f896cf1cebd3699abd6fc8605ac3f04882d706153ddf6d6630ae77344e66d175875ef337d0d0ec3b044,common_voice_kk_24976023.wav,1ca46ba5d139ed35374c1299d474f6b411c0239f408d1cbf1168200dbb17c316,"Күн батса, қойға соқпақ көп.",,2,0,twenties,male_masculine,,,kk,
81f550b693b06aca71218583a932a98ceaccf7bc2be16f896cf1cebd3699abd6fc8605ac3f04882d706153ddf6d6630ae77344e66d175875ef337d0d0ec3b044,common_voice_kk_24976025.wav,01615e0e84326424828055920f35bf364cc0c82285f07b56196d494fd0c70615,Итаяғын ит те қориды.,,2,0,twenties,male_masculine,,,kk,
81f550b693b06aca71218583a932a98ceaccf7bc2be16f896cf1cebd3699abd6fc8605ac3f04882d706153ddf6d6630ae77344e66d175875ef337d0d0ec3b044,common_voice_kk_24976030.wav,1ef90314799daec94108d625cc27683d49ad41b43abad04b22b7ea90178ffc76,"Алтын тапсаң, санап ал.",,2,0,twenties,male_masculine,,,kk,
81f550b693b06aca71218583a932a98ceaccf7bc2be16f896cf1cebd3699abd6fc8605ac3f04882d706153ddf6d6630ae77344e66d175875ef337d0d0ec3b044,common_voice_kk_24976031.wav,1f13d9da24c6d6914e83f659c438d0350aab114a4d62056a0c2fe6f0f1287a03,"Ағайынның азары болса да, безері болмайды.",,2,0,twenties,male_masculine,,,kk,
81f550b693b06aca71218583a932a98ceaccf7bc2be16f896cf1cebd3699abd6fc8605ac3f04882d706153ddf6d6630ae77344e66d175875ef337d0d0ec3b044,common_voice_kk_24976032.wav,1ebc07d78e0c73df3eef2f7894ac2d2e95e55a6d89f70d9db6897dd2721163e4,Ит — жеті қазынаның бірі.,,2,0,twenties,male_masculine,,,kk,
81f550b693b06aca71218583a932a98ceaccf7bc2be16f896cf1cebd3699abd6fc8605ac3f04882d706153ddf6d6630ae77344e66d175875ef337d0d0ec3b044,common_voice_kk_24976033.wav,04e7fe09e5195d6f55a807b6cd1c44d792e3f3667b4548e9d6f97fc651029551,Еңкейген ерді теппес болар.,,2,0,twenties,male_masculine,,,kk,
81f550b693b06aca71218583a932a98ceaccf7bc2be16f896cf1cebd3699abd6fc8605ac3f04882d706153ddf6d6630ae77344e66d175875ef337d0d0ec3b044,common_voice_kk_24976034.wav,0303b83f70355c8d1765a56282029d6905e9fe65d3f445d155e138a65cf172b0,"Қане, айтсаңшы.",,2,0,twenties,male_masculine,,,kk,
81f550b693b06aca71218583a932a98ceaccf7bc2be16f896cf1cebd3699abd6fc8605ac3f04882d706153ddf6d6630ae77344e66d175875ef337d0d0ec3b044,common_voice_kk_24976035.wav,182de99388e22f7f6c682a54c2b42d8f35a5944c14c779a86be0ca3db3ebcd39,"Алтын ерің атқа тисе, алтынын ал да, отқа жақ.",,2,0,twenties,male_masculine,,,kk,
81f550b693b06aca71218583a932a98ceaccf7bc2be16f896cf1cebd3699abd6fc8605ac3f04882d706153ddf6d6630ae77344e66d175875ef337d0d0ec3b044,common_voice_kk_24976036.wav,15ed88e74565729d91540ed85961b4a8944d7dbb91508c4fe790f0f00770f968,"Еңбекші қатынның қолы жіп иірсе, аяғы бесік тербетеді.",,2,0,twenties,male_masculine,,,kk,
81f550b693b06aca71218583a932a98ceaccf7bc2be16f896cf1cebd3699abd6fc8605ac3f04882d706153ddf6d6630ae77344e66d175875ef337d0d0ec3b044,common_voice_kk_24976037.wav,0ed801d33c21be6a85515686e97ab6cbd78a63af8053254ea7c67ffcd230e779,"Жер тоймаса, ел тоймайды.",,2,1,twenties,male_masculine,,,kk,
81f550b693b06aca71218583a932a98ceaccf7bc2be16f896cf1cebd3699abd6fc8605ac3f04882d706153ddf6d6630ae77344e66d175875ef337d0d0ec3b044,common_voice_kk_24976038.wav,0eb925a182c793a55a158af8f0cb2d81129615cc0346c0a6204cc77ca7dd108c,"Құл — құл емес, кім жаман туса, сол — құл.",,2,1,twenties,male_masculine,,,kk,
81f550b693b06aca71218583a932a98ceaccf7bc2be16f896cf1cebd3699abd6fc8605ac3f04882d706153ddf6d6630ae77344e66d175875ef337d0d0ec3b044,common_voice_kk_24976043.wav,17a8ff05cb4509c3b456caf6195c0dbe0eaa94ba5fbbee1c1086b493339ada07,"Қыс малыңды бақ, жаз жеріңді шап.",,2,0,twenties,male_masculine,,,kk,
81f550b693b06aca71218583a932a98ceaccf7bc2be16f896cf1cebd3699abd6fc8605ac3f04882d706153ddf6d6630ae77344e66d175875ef337d0d0ec3b044,common_voice_kk_24976045.wav,0b3f66a7490824da1fe6800f1131cc4c996c93f1279e602a323fb1a69240edab,"Еріне қызы сай, жеріне елігі сай.",,2,0,twenties,male_masculine,,,kk,
81f550b693b06aca71218583a932a98ceaccf7bc2be16f896cf1cebd3699abd6fc8605ac3f04882d706153ddf6d6630ae77344e66d175875ef337d0d0ec3b044,common_voice_kk_24976046.wav,00f468839b4d8715bde8d44b54fe05b2337c00c1fd5111bc681992dd43dc9aa6,"Жақсы ат аяғынан қалар, жақсы жігіт тамағынан қалар.",,2,0,twenties,male_masculine,,,kk,
81f550b693b06aca71218583a932a98ceaccf7bc2be16f896cf1cebd3699abd6fc8605ac3f04882d706153ddf6d6630ae77344e66d175875ef337d0d0ec3b044,common_voice_kk_24976047.wav,03252d6d1c00813f7fb7f39190787e1cde5f1cc51da79194571925a745f64a52,Үреген ит кісі қаппас.,,2,0,twenties,male_masculine,,,kk,
81f550b693b06aca71218583a932a98ceaccf7bc2be16f896cf1cebd3699abd6fc8605ac3f04882d706153ddf6d6630ae77344e66d175875ef337d0d0ec3b044,common_voice_kk_24976048.wav,09b919b81c1e5456b2a79fb41f816f1c02b889106538878eeee1e489fbe9f396,Үргедек бұрын өледі.,,2,0,twenties,male_masculine,,,kk,
81f550b693b06aca71218583a932a98ceaccf7bc2be16f896cf1cebd3699abd6fc8605ac3f04882d706153ddf6d6630ae77344e66d175875ef337d0d0ec3b044,common_voice_kk_24976049.wav,22580aad493e349d1adce58bb0140c012aa4d1d7e0310c7e8eeef2673e247b56,"Жалқауға сөз айтсаң, адам таппас сөз айтады.",,2,0,twenties,male_masculine,,,kk,
b6cf8734c4d0d6939af56a398acc6a1418371559b71d32c3ac747857a94f4de89882f010019a943b74c019fc43507a36debd7fe9da83e2c9a7bd46d33e321c9f,common_voice_kk_27641193.wav,06b5d7bb2f5b172011c9e0c7851017e6a4f9b28694aa92064b63400b9778d41c,"Өзі жаманның қатыны кетеді, елі жаманның ақысы кетеді.",,2,0,,,,,kk,
b6cf8734c4d0d6939af56a398acc6a1418371559b71d32c3ac747857a94f4de89882f010019a943b74c019fc43507a36debd7fe9da83e2c9a7bd46d33e321c9f,common_voice_kk_27641194.wav,214b03133d02cb20a7d5e17a43d386b858c409f4b1b8534d38033c60c990fda8,"Жаулығы бар деп, қатын деме, жалыны бар деп, отын деме.",,2,0,,,,,kk,
b6cf8734c4d0d6939af56a398acc6a1418371559b71d32c3ac747857a94f4de89882f010019a943b74c019fc43507a36debd7fe9da83e2c9a7bd46d33e321c9f,common_voice_kk_27641195.wav,30f4bfea27ff20ba2066ca041c1311e1378842db4b3083107a1cce03a3a1672e,"Жігіттің түсін айтпа, ісін айт.",,2,0,,,,,kk,
b6cf8734c4d0d6939af56a398acc6a1418371559b71d32c3ac747857a94f4de89882f010019a943b74c019fc43507a36debd7fe9da83e2c9a7bd46d33e321c9f,common_voice_kk_27641197.wav,252a0b66ffb1e76c902da1e562a4513ba6bab8f1e2defdb3e0d30c668d5ec648,"Наурыз тумай сүтке жарымаймыз, құда келмей дауға жарымаймыз.",,2,0,,,,,kk,
b6cf8734c4d0d6939af56a398acc6a1418371559b71d32c3ac747857a94f4de89882f010019a943b74c019fc43507a36debd7fe9da83e2c9a7bd46d33e321c9f,common_voice_kk_27641200.wav,302d9da706ac27a3f90c462855cf8e6bf44b8bbab5414220954a8d1a139dd092,Жақсыдан айтқан ғибрат өлгеніңше ұмытылмайды.,,2,0,,,,,kk,
b6cf8734c4d0d6939af56a398acc6a1418371559b71d32c3ac747857a94f4de89882f010019a943b74c019fc43507a36debd7fe9da83e2c9a7bd46d33e321c9f,common_voice_kk_27641379.wav,3968b22ce452bff1a22a5902c4157ad4249fbf7ce6df239cfbc4beb89252d4e4,"Анасы қыз болмаған, атасы жігіт болмаған...",,2,0,,,,,kk,
b6cf8734c4d0d6939af56a398acc6a1418371559b71d32c3ac747857a94f4de89882f010019a943b74c019fc43507a36debd7fe9da83e2c9a7bd46d33e321c9f,common_voice_kk_27641570.wav,291d2a920ed0a9f6452e713790d61a93a82d3714210ecc8606c8d16b10ba9b24,"Күлкі жасартады, қайғы қартайтады.",,2,0,,,,,kk,
b6cf8734c4d0d6939af56a398acc6a1418371559b71d32c3ac747857a94f4de89882f010019a943b74c019fc43507a36debd7fe9da83e2c9a7bd46d33e321c9f,common_voice_kk_27641571.wav,37eade7f4b3b26fb89e347f35ab7461362d945667ced137430f364954de8a80f,"Өзіңді ер деп білсең, дұшпаныңды шер деп біл.",,2,0,,,,,kk,
b6cf8734c4d0d6939af56a398acc6a1418371559b71d32c3ac747857a94f4de89882f010019a943b74c019fc43507a36debd7fe9da83e2c9a7bd46d33e321c9f,common_voice_kk_27641573.wav,3bbae883c623bf82070c731f73a38df5dbf59896a0a981db909c92a1756e87d8,"Бай баласы мақтанса, «жылқыдан жорға міндім» дейді, би баласы мақтанса, «парадан шапан кидім» дейді.",,2,0,,,,,kk,
b6cf8734c4d0d6939af56a398acc6a1418371559b71d32c3ac747857a94f4de89882f010019a943b74c019fc43507a36debd7fe9da83e2c9a7bd46d33e321c9f,common_voice_kk_27641574.wav,09f21706756b8632f82099baf4ba416bdb3ee1824c261f946859f90841c36582,Нақақ бәле оттан ыстық.,,2,0,,,,,kk,
b6cf8734c4d0d6939af56a398acc6a1418371559b71d32c3ac747857a94f4de89882f010019a943b74c019fc43507a36debd7fe9da83e2c9a7bd46d33e321c9f,common_voice_kk_27641576.wav,26c9994c033b8627efed0689a65a6b046e72509951dcf3cbba0e533f7000bd3e,Тумаған балаға кіндік шеше.,,2,0,,,,,kk,
b6cf8734c4d0d6939af56a398acc6a1418371559b71d32c3ac747857a94f4de89882f010019a943b74c019fc43507a36debd7fe9da83e2c9a7bd46d33e321c9f,common_voice_kk_27647906.wav,2ac90506b4918cd8a84cc48a27a567acf024cfe563536c2cf4b4e75ea298ffa4,"Түте білсең, жібектен жүн жақсы.",,2,0,,,,,kk,
b6cf8734c4d0d6939af56a398acc6a1418371559b71d32c3ac747857a94f4de89882f010019a943b74c019fc43507a36debd7fe9da83e2c9a7bd46d33e321c9f,common_voice_kk_27647907.wav,196e0e02f8935e43399deb6d42cd342dd5e1a4dca3b7dd79cb61be5c62f22c37,Дос тұтқанды қадірле.,,2,0,,,,,kk,
b6cf8734c4d0d6939af56a398acc6a1418371559b71d32c3ac747857a94f4de89882f010019a943b74c019fc43507a36debd7fe9da83e2c9a7bd46d33e321c9f,common_voice_kk_27647908.wav,3867a045d45baaf3bb5b0c40facee90e05d6f0170af9f491ddcb844d9deaacd6,"Ақсақ қой ауыл қасында, иә, құдық басында.",,2,0,,,,,kk,
b6cf8734c4d0d6939af56a398acc6a1418371559b71d32c3ac747857a94f4de89882f010019a943b74c019fc43507a36debd7fe9da83e2c9a7bd46d33e321c9f,common_voice_kk_27647909.wav,29bb2fd3ede5375a04a41a8c8014981b5e23295822d453fe5d3a4abc49f899f9,"Екі аяқтыда бажа тату, төрт аяқтыда бота тату.",,2,0,,,,,kk,
b6cf8734c4d0d6939af56a398acc6a1418371559b71d32c3ac747857a94f4de89882f010019a943b74c019fc43507a36debd7fe9da83e2c9a7bd46d33e321c9f,common_voice_kk_27647910.wav,0504d16e7b700f16aca24db6b33ce4cdf2c857f619a233e0df53edc713c502ca,"Жақсымын деп мақтанба, халық айтпай, батырмын деп баптанба, барып қайтпай.",,2,0,,,,,kk,
b6cf8734c4d0d6939af56a398acc6a1418371559b71d32c3ac747857a94f4de89882f010019a943b74c019fc43507a36debd7fe9da83e2c9a7bd46d33e321c9f,common_voice_kk_27647916.wav,3fffb3ca5b640903522d28ff19bb6cc777ec6423b625f04c4d22f3a61426f039,"Анаңды Меккеге үш арқалап барсаң да, қарызыңнан құтыла алмайсың.",,2,0,,,,,kk,
b6cf8734c4d0d6939af56a398acc6a1418371559b71d32c3ac747857a94f4de89882f010019a943b74c019fc43507a36debd7fe9da83e2c9a7bd46d33e321c9f,common_voice_kk_27647918.wav,0f2c023c1fbe621944ab9960b4eed123eb72ded1e0b6b6179ea3e11398a6c049,"Еңбек асырар, жалқаулық берекені қашырар.",,2,0,,,,,kk,
b6cf8734c4d0d6939af56a398acc6a1418371559b71d32c3ac747857a94f4de89882f010019a943b74c019fc43507a36debd7fe9da83e2c9a7bd46d33e321c9f,common_voice_kk_27647919.wav,32eaf82687bc2768f134fdf838046d0cdb93565bddc1e8489f4d4e72f6357b91,Балаға торғайдың көлеңкесінен суық тиеді.,,2,0,,,,,kk,
b6cf8734c4d0d6939af56a398acc6a1418371559b71d32c3ac747857a94f4de89882f010019a943b74c019fc43507a36debd7fe9da83e2c9a7bd46d33e321c9f,common_voice_kk_27647920.wav,314ed441f139f14d024e6b66da6e1f1b525f7fc891ec8afae69917fc38fb4b6a,Сырты жалтырауықтың іші қалтырауық.,,2,0,,,,,kk,
b6cf8734c4d0d6939af56a398acc6a1418371559b71d32c3ac747857a94f4de89882f010019a943b74c019fc43507a36debd7fe9da83e2c9a7bd46d33e321c9f,common_voice_kk_27647921.wav,3c3adb12ba05ee6049fdb688045d8fe8b475a1c022eb6a812c6026790e053a28,Әркім қолында барына жомарт.,,2,0,,,,,kk,
b6cf8734c4d0d6939af56a398acc6a1418371559b71d32c3ac747857a94f4de89882f010019a943b74c019fc43507a36debd7fe9da83e2c9a7bd46d33e321c9f,common_voice_kk_27647929.wav,2f9cb7ef09d903592685e2aabe6a5d95631700f18b5c20835ad0bf41c5e22ee4,"Жаманға сырыңды айтпа, сырыңды айтсаң да, шыныңды айтпа.",,2,0,,,,,kk,
b6cf8734c4d0d6939af56a398acc6a1418371559b71d32c3ac747857a94f4de89882f010019a943b74c019fc43507a36debd7fe9da83e2c9a7bd46d33e321c9f,common_voice_kk_27647930.wav,1142536b285ae35ac1ee1798606ec376907bff4096a8930fb5783ab07319b396,Тойдан тобықтай.,,2,0,,,,,kk,
b6cf8734c4d0d6939af56a398acc6a1418371559b71d32c3ac747857a94f4de89882f010019a943b74c019fc43507a36debd7fe9da83e2c9a7bd46d33e321c9f,common_voice_kk_27647931.wav,3e0f5c057e819b267b6cdccd59cd646f9d529993e1e297889c916d84689a8056,Сен қылмыстық кездесуге қатыстың ба?,,2,0,,,,,kk,
b6cf8734c4d0d6939af56a398acc6a1418371559b71d32c3ac747857a94f4de89882f010019a943b74c019fc43507a36debd7fe9da83e2c9a7bd46d33e321c9f,common_voice_kk_27647932.wav,14557b6da61d80f660f043d919ebc76bbe290097d3264cc626d9884878f58253,Ақыры байдың баласы аштан өлер.,,2,0,,,,,kk,
b6cf8734c4d0d6939af56a398acc6a1418371559b71d32c3ac747857a94f4de89882f010019a943b74c019fc43507a36debd7fe9da83e2c9a7bd46d33e321c9f,common_voice_kk_27647933.wav,305f52ee68969eb90f4101e2858a1a006c55d72e7999993b94b675840f5f425c,"Айтпаса, білмейсің, ашпаса, көрмейсің.",,2,0,,,,,kk,
b6cf8734c4d0d6939af56a398acc6a1418371559b71d32c3ac747857a94f4de89882f010019a943b74c019fc43507a36debd7fe9da83e2c9a7bd46d33e321c9f,common_voice_kk_27647941.wav,2c14fde3227ce083a6afce881f955c34a741e2f506f89dba725c8d0682138450,"Кім бай болмайын дейді, Құдайы қаламайды.",,2,0,,,,,kk,
b6cf8734c4d0d6939af56a398acc6a1418371559b71d32c3ac747857a94f4de89882f010019a943b74c019fc43507a36debd7fe9da83e2c9a7bd46d33e321c9f,common_voice_kk_27647942.wav,3e99265a0a4c8dc7dfa043f94358c072eece758ce4c808f34d1bb59cfd01e80b,Білім инемен құдық қазғандай.,,2,0,,,,,kk,
b6cf8734c4d0d6939af56a398acc6a1418371559b71d32c3ac747857a94f4de89882f010019a943b74c019fc43507a36debd7fe9da83e2c9a7bd46d33e321c9f,common_voice_kk_27647943.wav,08c623ddb6273a370ad17840483d8c3ab510feaa99c8dc41ea73510ee444ef9c,Ақылдың өлшемі — парасат.,,2,1,,,,,kk,
b6cf8734c4d0d6939af56a398acc6a1418371559b71d32c3ac747857a94f4de89882f010019a943b74c019fc43507a36debd7fe9da83e2c9a7bd46d33e321c9f,common_voice_kk_27647944.wav,36f27d6da60ee6cc872e7134190314eb239ca8c6cfb93d25ca210c5364f9f7ad,"Тауық құсқа ұшу жоқ, там үйліге көшу жоқ.",,2,1,,,,,kk,
b6cf8734c4d0d6939af56a398acc6a1418371559b71d32c3ac747857a94f4de89882f010019a943b74c019fc43507a36debd7fe9da83e2c9a7bd46d33e321c9f,common_voice_kk_27647945.wav,19230feae5e5e4249b92ad8de13c96ccac742ab0921e569dcbb9e8cc4181e4ed,"Алғашқы сауда — сауда, кейінгі сауда — ғауға.",,2,0,,,,,kk,
b6cf8734c4d0d6939af56a398acc6a1418371559b71d32c3ac747857a94f4de89882f010019a943b74c019fc43507a36debd7fe9da83e2c9a7bd46d33e321c9f,common_voice_kk_27647951.wav,3fb125a0cc67b2d454b053071b36e6f6ab286d69194091dda4e322b0d18210e4,Сопы сұмнан шығады.,,2,0,,,,,kk,
b6cf8734c4d0d6939af56a398acc6a1418371559b71d32c3ac747857a94f4de89882f010019a943b74c019fc43507a36debd7fe9da83e2c9a7bd46d33e321c9f,common_voice_kk_27647952.wav,365386a344e4bbf35bb4a66c2cd408cefd73f0f0339092ba40fb001126a28af4,"Еркекке жүрек, әйелге тірек керек.",,2,1,,,,,kk,
b6cf8734c4d0d6939af56a398acc6a1418371559b71d32c3ac747857a94f4de89882f010019a943b74c019fc43507a36debd7fe9da83e2c9a7bd46d33e321c9f,common_voice_kk_27647953.wav,24e1d4fbd9bf1c1ebbdc17fe062424abec2b1184d46f07956fbb97e459d16884,Жуас түйеге әркім ие.,,2,0,,,,,kk,
b6cf8734c4d0d6939af56a398acc6a1418371559b71d32c3ac747857a94f4de89882f010019a943b74c019fc43507a36debd7fe9da83e2c9a7bd46d33e321c9f,common_voice_kk_27647954.wav,321e845dd61d8b34f4c05eaa1bb5588cb2b15c6dc6a2edefddaadf74736c6444,"Біреуге ор қазба, өзің түсерсің.",,2,0,,,,,kk,
b6cf8734c4d0d6939af56a398acc6a1418371559b71d32c3ac747857a94f4de89882f010019a943b74c019fc43507a36debd7fe9da83e2c9a7bd46d33e321c9f,common_voice_kk_27647955.wav,2a0f53f88c47b5a455b8e6b4c1615d5e14b13edde2af4ac65eb47180c22b12d0,"Жалаң аттың жалымен, жалаң қылыш жүзімен.",,2,0,,,,,kk,
b6cf8734c4d0d6939af56a398acc6a1418371559b71d32c3ac747857a94f4de89882f010019a943b74c019fc43507a36debd7fe9da83e2c9a7bd46d33e321c9f,common_voice_kk_27647961.wav,3eeb6c3ed648eb7534a1be9ad3f597b65b540d439e925dcd2c561079b9a7bd08,"Ақбөкенді жатыр деме, көшпелі елді отыр деме.",,2,1,,,,,kk,
b6cf8734c4d0d6939af56a398acc6a1418371559b71d32c3ac747857a94f4de89882f010019a943b74c019fc43507a36debd7fe9da83e2c9a7bd46d33e321c9f,common_voice_kk_27647962.wav,3fa4d2f52f9451724e120fdb2b5b5e5a80bab207ba874ef56ec5b357fdb405ef,"Қайта шапқан жау жаман, қайтып келген қыз жаман.",,2,0,,,,,kk,
b6cf8734c4d0d6939af56a398acc6a1418371559b71d32c3ac747857a94f4de89882f010019a943b74c019fc43507a36debd7fe9da83e2c9a7bd46d33e321c9f,common_voice_kk_27647963.wav,37ad0c9865861cc0dda676b4caaf6571a26c56831f6357fabe17d2750b93770f,"Шолғыншың шалдырмаса, жауға алдырмайсың.",,2,0,,,,,kk,
b6cf8734c4d0d6939af56a398acc6a1418371559b71d32c3ac747857a94f4de89882f010019a943b74c019fc43507a36debd7fe9da83e2c9a7bd46d33e321c9f,common_voice_kk_27647964.wav,24c3ae3a343765e983226961556fd4ad4f8e1e6f5b42dccc048987dc139d7124,"Тауда туған құлынның екі көзі таста болар, ашаршылықта туған баланың екі көзі аста болар.",,2,1,,,,,kk,
b6cf8734c4d0d6939af56a398acc6a1418371559b71d32c3ac747857a94f4de89882f010019a943b74c019fc43507a36debd7fe9da83e2c9a7bd46d33e321c9f,common_voice_kk_27647965.wav,3e5738ccf928870d60db3cc36c08b2492e6f796fd5e5c519af5d1b0beae2528b,Бос қап тік тұрмайды.,,2,0,,,,,kk,
b6cf8734c4d0d6939af56a398acc6a1418371559b71d32c3ac747857a94f4de89882f010019a943b74c019fc43507a36debd7fe9da83e2c9a7bd46d33e321c9f,common_voice_kk_27648694.wav,0da837afdf9fdd1416a822902f59b38f4a590e17fc2f229130fd697606fdbb5c,"Бай болып көргенім жоқ, жарлы болып өлгенім жоқ.",,2,0,,,,,kk,
b6cf8734c4d0d6939af56a398acc6a1418371559b71d32c3ac747857a94f4de89882f010019a943b74c019fc43507a36debd7fe9da83e2c9a7bd46d33e321c9f,common_voice_kk_27648695.wav,139f350ae0ea207a2cade3b30407b86de09d6845d8ce9df67c94b44d2caed483,Ерінбеген етікші болады.,,2,0,,,,,kk,
b6cf8734c4d0d6939af56a398acc6a1418371559b71d32c3ac747857a94f4de89882f010019a943b74c019fc43507a36debd7fe9da83e2c9a7bd46d33e321c9f,common_voice_kk_27648696.wav,34dee13b8d3f87075f2ce731814272ced24769b87669cfe3f0e7d4e237b511f1,"Айырылған ел азады, қосылған ел озады.",,2,0,,,,,kk,
b6cf8734c4d0d6939af56a398acc6a1418371559b71d32c3ac747857a94f4de89882f010019a943b74c019fc43507a36debd7fe9da83e2c9a7bd46d33e321c9f,common_voice_kk_27648697.wav,3ef316b2d424226d3b0e2d8828409106db52c41aed7e200cfd162b29fc0c5c4a,"Шайқап сөйлеме, алды-артыңды байқап сөйле.",,2,0,,,,,kk,
b6cf8734c4d0d6939af56a398acc6a1418371559b71d32c3ac747857a94f4de89882f010019a943b74c019fc43507a36debd7fe9da83e2c9a7bd46d33e321c9f,common_voice_kk_27648698.wav,20e135a3040c60ae93611d6702db5d16adc75db73bee4f401ac5e2dd2df4a9d8,Сөйлей білмеген жаман сөзді өзіне келтірер.,,2,0,,,,,kk,
b6cf8734c4d0d6939af56a398acc6a1418371559b71d32c3ac747857a94f4de89882f010019a943b74c019fc43507a36debd7fe9da83e2c9a7bd46d33e321c9f,common_voice_kk_27684786.wav,3e34aa140a54f55c7d9b8040930a0863cdce5ab500458ea6d9b26b60eebadfa2,"Ақылың болса, ақылға ер, ақылың болмаса, нақылға ер.",,2,0,,,,,kk,
b6cf8734c4d0d6939af56a398acc6a1418371559b71d32c3ac747857a94f4de89882f010019a943b74c019fc43507a36debd7fe9da83e2c9a7bd46d33e321c9f,common_voice_kk_27684788.wav,3e138b3da07f834043fe385f41e8a06f92961e50a6c68f83cf171461253a1a35,"Қыдырма, қыдырмаға сыдырма.",,2,1,,,,,kk,
b6cf8734c4d0d6939af56a398acc6a1418371559b71d32c3ac747857a94f4de89882f010019a943b74c019fc43507a36debd7fe9da83e2c9a7bd46d33e321c9f,common_voice_kk_27684791.wav,3a651939de6664a1e28a0e2d896bf50fde268565d0202c3a04b8846964f1b248,Екі тентек елге сыймас.,,2,0,,,,,kk,
b6cf8734c4d0d6939af56a398acc6a1418371559b71d32c3ac747857a94f4de89882f010019a943b74c019fc43507a36debd7fe9da83e2c9a7bd46d33e321c9f,common_voice_kk_27684792.wav,356cc2fa7659a55041386cdd8fea21c00a276f2276236b9b84af8f8353ea5d26,"Жігітке саяқ қосылады, қуға қу апақ-сапақта кез болады.",,2,0,,,,,kk,
b6cf8734c4d0d6939af56a398acc6a1418371559b71d32c3ac747857a94f4de89882f010019a943b74c019fc43507a36debd7fe9da83e2c9a7bd46d33e321c9f,common_voice_kk_27684795.wav,2e03b6e78acbd03d25be46d380cc816ae6f0943f5c74868a258e2196883dd59d,"Пышағы бар сүйгенін жейді, пышағы жоқ тигенін жейді.",,2,0,,,,,kk,
b6cf8734c4d0d6939af56a398acc6a1418371559b71d32c3ac747857a94f4de89882f010019a943b74c019fc43507a36debd7fe9da83e2c9a7bd46d33e321c9f,common_voice_kk_27684811.wav,379dcab646e75113fd18bef7432c3189ae8201831ba220b36b91ddc703e15680,"Жақсының сөзі ақыл шақырады, жаманның сөзі ашу шақырады.",,2,0,,,,,kk,
b6cf8734c4d0d6939af56a398acc6a1418371559b71d32c3ac747857a94f4de89882f010019a943b74c019fc43507a36debd7fe9da83e2c9a7bd46d33e321c9f,common_voice_kk_27684812.wav,301435fd24e1ae06eb2edd0d726689550c91ef737e7ede260e85a57a8b4686e4,"Қасқыр ішік киген тоңбас, қасындағының тоңғанын білмес.",,2,0,,,,,kk,
b6cf8734c4d0d6939af56a398acc6a1418371559b71d32c3ac747857a94f4de89882f010019a943b74c019fc43507a36debd7fe9da83e2c9a7bd46d33e321c9f,common_voice_kk_27684813.wav,37fbbc990d6c29943f7d6c0629092eee1146fe038c78c082cdfc12adf1af8ccd,"Есек мінген еңбегін мінеді, екі жақтап тебіне.",,2,0,,,,,kk,
b6cf8734c4d0d6939af56a398acc6a1418371559b71d32c3ac747857a94f4de89882f010019a943b74c019fc43507a36debd7fe9da83e2c9a7bd46d33e321c9f,common_voice_kk_27684814.wav,384078ba3c4b81c09de6b5cfaba00426a6114fa70e8d3b94e8744abaee12a39f,"Жаманның көрсеткенінен, жақсының сілтегені артық.",,2,0,,,,,kk,
b6cf8734c4d0d6939af56a398acc6a1418371559b71d32c3ac747857a94f4de89882f010019a943b74c019fc43507a36debd7fe9da83e2c9a7bd46d33e321c9f,common_voice_kk_27684815.wav,432ca5bc612311e240f6a7ccc45e2e10f72199fdb8aa8206616bc5b6ca99cc39,"Өнер көпке де жеткізеді, көкке де жеткізеді.",,2,0,,,,,kk,
b6cf8734c4d0d6939af56a398acc6a1418371559b71d32c3ac747857a94f4de89882f010019a943b74c019fc43507a36debd7fe9da83e2c9a7bd46d33e321c9f,common_voice_kk_27684829.wav,2a56f7c46ccc29ec4c196d27a677b7f29ddfa99e356fc4a6a1d73997549e0ddf,"Аты жаманның арманы кетер, баласы жаманның дәрмені кетер.",,2,0,,,,,kk,
b6cf8734c4d0d6939af56a398acc6a1418371559b71d32c3ac747857a94f4de89882f010019a943b74c019fc43507a36debd7fe9da83e2c9a7bd46d33e321c9f,common_voice_kk_27684831.wav,32addc1008ea1cc90f9cf51b7091c24dfe61a7c837195dd91a4bbcc8b52686c8,"Жаман, айтпаса, білмейді, ашпаса, көрмейді.",,2,0,,,,,kk,
b6cf8734c4d0d6939af56a398acc6a1418371559b71d32c3ac747857a94f4de89882f010019a943b74c019fc43507a36debd7fe9da83e2c9a7bd46d33e321c9f,common_voice_kk_27684832.wav,41925028db1a85beb41c370ed3626b552740a5384102cfd108777d9df6924541,Сабыр түбі — сары алтын.,,2,0,,,,,kk,
b6cf8734c4d0d6939af56a398acc6a1418371559b71d32c3ac747857a94f4de89882f010019a943b74c019fc43507a36debd7fe9da83e2c9a7bd46d33e321c9f,common_voice_kk_27684834.wav,42fbe97b22c6d98be042b750ca27dbf6177324d536e12216e7c60fcf209e8314,Ақылдан жақын дос бар ма?,,2,0,,,,,kk,
b6cf8734c4d0d6939af56a398acc6a1418371559b71d32c3ac747857a94f4de89882f010019a943b74c019fc43507a36debd7fe9da83e2c9a7bd46d33e321c9f,common_voice_kk_27684835.wav,40932106f3e824eb3521959252763224239d0b3fa67c8eeeaabbaa9abe7d0f25,Қызығы жоқ өмірден ұйқыда көрген түс артық.,,2,0,,,,,kk,
b6cf8734c4d0d6939af56a398acc6a1418371559b71d32c3ac747857a94f4de89882f010019a943b74c019fc43507a36debd7fe9da83e2c9a7bd46d33e321c9f,common_voice_kk_27684851.wav,2748b5adcb9293fa0ec8791469f31d5142bac70969850c8b65031e6dc0b714d9,"Алаша деп аттанамыз, боқжама да болса ала береміз.",,2,0,,,,,kk,
b6cf8734c4d0d6939af56a398acc6a1418371559b71d32c3ac747857a94f4de89882f010019a943b74c019fc43507a36debd7fe9da83e2c9a7bd46d33e321c9f,common_voice_kk_27684852.wav,1a3b0ce5936cd760336a941dceef0368bdcbc7a330d9bb9ab89ae26aaeb89e8e,"Ac — аттыныкі, той — тондыныкі.",,2,1,,,,,kk,
b6cf8734c4d0d6939af56a398acc6a1418371559b71d32c3ac747857a94f4de89882f010019a943b74c019fc43507a36debd7fe9da83e2c9a7bd46d33e321c9f,common_voice_kk_27684853.wav,2628f3f7e7e1cef1bb8cce4a1072228e8ba7a4003599e92643c1cfc489013cca,Бермегенді беріп ұялт.,,2,0,,,,,kk,
b6cf8734c4d0d6939af56a398acc6a1418371559b71d32c3ac747857a94f4de89882f010019a943b74c019fc43507a36debd7fe9da83e2c9a7bd46d33e321c9f,common_voice_kk_27684854.wav,3d2fbb834ca700704ec0588611d789a3f52bff9454a634b443cc6d8f25d2c2df,"Еркенің көзі жасты, етегін бұзау басты.",,2,1,,,,,kk,
b6cf8734c4d0d6939af56a398acc6a1418371559b71d32c3ac747857a94f4de89882f010019a943b74c019fc43507a36debd7fe9da83e2c9a7bd46d33e321c9f,common_voice_kk_27684855.wav,3172546deec83c67522751d6be8f7c07fb2adcc60efad95835cd7c63a5419272,"Көп малдан айырылғанда, бір малды қасқыр жейді.",,2,0,,,,,kk,
b6cf8734c4d0d6939af56a398acc6a1418371559b71d32c3ac747857a94f4de89882f010019a943b74c019fc43507a36debd7fe9da83e2c9a7bd46d33e321c9f,common_voice_kk_27684866.wav,1d42266f619a6301737304e545e16afb849998902cb6150e43d1b71a907158a4,"Кемшілік көрмей, маңдайына тимес.",,2,1,,,,,kk,
b6cf8734c4d0d6939af56a398acc6a1418371559b71d32c3ac747857a94f4de89882f010019a943b74c019fc43507a36debd7fe9da83e2c9a7bd46d33e321c9f,common_voice_kk_27684867.wav,2fb80b65ed3768bb83d347c7926f2ef4234b0f19a25a7eeb2087f1567dbdcf84,"Жақсыменен жолдас болсаң, өмірлікке серт етер, жаманмен жолдас болсаң, көрінгенге күлкі етер.",,2,0,,,,,kk,
b6cf8734c4d0d6939af56a398acc6a1418371559b71d32c3ac747857a94f4de89882f010019a943b74c019fc43507a36debd7fe9da83e2c9a7bd46d33e321c9f,common_voice_kk_27684868.wav,39d99cbcac278e17f7307beaa25585d0e3b894e012926b15686ff48f9fae03a3,Жаман айғыр жатырына шабады.,,2,0,,,,,kk,
b6cf8734c4d0d6939af56a398acc6a1418371559b71d32c3ac747857a94f4de89882f010019a943b74c019fc43507a36debd7fe9da83e2c9a7bd46d33e321c9f,common_voice_kk_27684870.wav,3f72ee13799d6a25cdeec231c1b444060afaf56f3eed58dfe400c54593b0c049,"Пәлен жерде пайда бар, өз еліңдей қайда бар!",,2,0,,,,,kk,
b6cf8734c4d0d6939af56a398acc6a1418371559b71d32c3ac747857a94f4de89882f010019a943b74c019fc43507a36debd7fe9da83e2c9a7bd46d33e321c9f,common_voice_kk_27684871.wav,3ffeaa2119513bd1479f02998cc8e3133d25ad56ecee1cb5dd1dca3c711b049a,"Орайы келсе, орақ ор, кезі келсе, кетпен шап.",,2,0,,,,,kk,
b6cf8734c4d0d6939af56a398acc6a1418371559b71d32c3ac747857a94f4de89882f010019a943b74c019fc43507a36debd7fe9da83e2c9a7bd46d33e321c9f,common_voice_kk_27684887.wav,2fb56007ae87604c5bb831be82772fdee0dcc57892378d36fc7ae7d08c25df85,"Аш бала тоқ баламен ойнамайды, тоқ бала ешнәрсені ойламайды.",,2,0,,,,,kk,
b6cf8734c4d0d6939af56a398acc6a1418371559b71d32c3ac747857a94f4de89882f010019a943b74c019fc43507a36debd7fe9da83e2c9a7bd46d33e321c9f,common_voice_kk_27684889.wav,40e42dadbf39f242cb98e2713e778599a30a314ee7f64393d2defb80c210b170,"Еңбексіз отыру — шалдың ісі, еңбексіз жеу — салдың ісі.",,2,0,,,,,kk,
b6cf8734c4d0d6939af56a398acc6a1418371559b71d32c3ac747857a94f4de89882f010019a943b74c019fc43507a36debd7fe9da83e2c9a7bd46d33e321c9f,common_voice_kk_27684891.wav,3dc4a6ad64cbd8d63a66d480a5086c002a7580ee86ac4bf6f4694577a060f13a,"Күлме досқа, келер басқа.",,2,1,,,,,kk,
b6cf8734c4d0d6939af56a398acc6a1418371559b71d32c3ac747857a94f4de89882f010019a943b74c019fc43507a36debd7fe9da83e2c9a7bd46d33e321c9f,common_voice_kk_27684893.wav,302431397a8c8eb8566e65a4223bb060d7a3de26389420343a273b05bc72bb97,"Істің басы қату болса, аяғы тату болады.",,2,0,,,,,kk,
b6cf8734c4d0d6939af56a398acc6a1418371559b71d32c3ac747857a94f4de89882f010019a943b74c019fc43507a36debd7fe9da83e2c9a7bd46d33e321c9f,common_voice_kk_27684895.wav,34809133dc89052a0c5f7f4f1f9974601bfd94c4f1b832315416bb55663053ee,"Аяғын көр де, асын іш.",,2,0,,,,,kk,
b6cf8734c4d0d6939af56a398acc6a1418371559b71d32c3ac747857a94f4de89882f010019a943b74c019fc43507a36debd7fe9da83e2c9a7bd46d33e321c9f,common_voice_kk_27729921.wav,44f9027e3657090a22a939241c5e80a5d2d418b24711bdafe04ebe0ceb62ce6a,"Ақылды адам жай-жай келеді, жан-жағын байқай келеді.",,2,0,,,,,kk,
b6cf8734c4d0d6939af56a398acc6a1418371559b71d32c3ac747857a94f4de89882f010019a943b74c019fc43507a36debd7fe9da83e2c9a7bd46d33e321c9f,common_voice_kk_27729922.wav,43a911da858933d97f37a9cd8a2cb2641914e418a3b4a4d5dbb07ea61cfecb3d,Қыз баққаннан қысырақ баққан оңай.,,2,0,,,,,kk,
b6cf8734c4d0d6939af56a398acc6a1418371559b71d32c3ac747857a94f4de89882f010019a943b74c019fc43507a36debd7fe9da83e2c9a7bd46d33e321c9f,common_voice_kk_27729923.wav,3a05ab1fdde9700129a84a8b2a4c5e83c8447e47363fc7dd7a6f54f68fa0723d,Өзіңді бір рет сыйлағанға екі рет құрмет ет.,,2,0,,,,,kk,
b6cf8734c4d0d6939af56a398acc6a1418371559b71d32c3ac747857a94f4de89882f010019a943b74c019fc43507a36debd7fe9da83e2c9a7bd46d33e321c9f,common_voice_kk_27729939.wav,19c04b871e6ffb3c12b0fb954f83b89a397d757c40fa7c50490fac851438c182,"Қатын алма, қайын ал, жақсы көрер кісінің атын алма, тайын ал.",,2,0,,,,,kk,
b6cf8734c4d0d6939af56a398acc6a1418371559b71d32c3ac747857a94f4de89882f010019a943b74c019fc43507a36debd7fe9da83e2c9a7bd46d33e321c9f,common_voice_kk_27729940.wav,1ecae64fce9ce077815e2b248147dc55d7f1cbcf6285de2165f3eb7c2f5f0125,Балта сабынан озбайды.,,2,0,,,,,kk,
b6cf8734c4d0d6939af56a398acc6a1418371559b71d32c3ac747857a94f4de89882f010019a943b74c019fc43507a36debd7fe9da83e2c9a7bd46d33e321c9f,common_voice_kk_27729941.wav,3f1645539bc51f57c329db721f22f00ea97119ecf39e7d0c2582c3d9ef78b46a,"Егіз аттан жығылса, басын сүйер ағасы.",,2,0,,,,,kk,
b6cf8734c4d0d6939af56a398acc6a1418371559b71d32c3ac747857a94f4de89882f010019a943b74c019fc43507a36debd7fe9da83e2c9a7bd46d33e321c9f,common_voice_kk_27729942.wav,405c01125c3d61c02f711faf852ebad39e62d1a34c291c7ee7ef409b80db34b8,"Жаусыз жақынын жейді, ішіндегі пақырын жейді.",,3,0,,,,,kk,
b6cf8734c4d0d6939af56a398acc6a1418371559b71d32c3ac747857a94f4de89882f010019a943b74c019fc43507a36debd7fe9da83e2c9a7bd46d33e321c9f,common_voice_kk_27729943.wav,3cce6f64b5177e6be360bfad6fca1267df9588ab189346ab1a9540a04c6ba647,"Арқыраған айғырды үйірінде көр, адамсыған жігітті өз үйінде көр.",,2,0,,,,,kk,
b6cf8734c4d0d6939af56a398acc6a1418371559b71d32c3ac747857a94f4de89882f010019a943b74c019fc43507a36debd7fe9da83e2c9a7bd46d33e321c9f,common_voice_kk_27729945.wav,3e87b21f37577e24e82cd5885894630fa7604167dadabb2b288888d0d41cb850,Азған елдің белгісі — біріне-бірі қас болар.,,2,1,,,,,kk,
b6cf8734c4d0d6939af56a398acc6a1418371559b71d32c3ac747857a94f4de89882f010019a943b74c019fc43507a36debd7fe9da83e2c9a7bd46d33e321c9f,common_voice_kk_27729946.wav,1bc7dfc1f0431be287cb00af345e742990a5a258ec70948a4736f6f97065ad4c,"Қанағат қарын тойдырады, қанағатсыздық жарлының жалғыз атын сойдырады.",,2,0,,,,,kk,
b6cf8734c4d0d6939af56a398acc6a1418371559b71d32c3ac747857a94f4de89882f010019a943b74c019fc43507a36debd7fe9da83e2c9a7bd46d33e321c9f,common_voice_kk_27729947.wav,3b3424e41d9f5c8961292faa5fd90949b1b55bf9d77810bbfb928f1ef8c118d7,"Жаздық етте жасық жоқ, қымыз аста қасық жоқ.",,2,0,,,,,kk,
b6cf8734c4d0d6939af56a398acc6a1418371559b71d32c3ac747857a94f4de89882f010019a943b74c019fc43507a36debd7fe9da83e2c9a7bd46d33e321c9f,common_voice_kk_27729948.wav,235940598e58f4448127c27c4a82c50cc3220a6fb5807a9ba8c36d0a742160ae,"Сөз жүйесін тапса, мал иесін табады.",,3,0,,,,,kk,
b6cf8734c4d0d6939af56a398acc6a1418371559b71d32c3ac747857a94f4de89882f010019a943b74c019fc43507a36debd7fe9da83e2c9a7bd46d33e321c9f,common_voice_kk_27729955.wav,3e8b1a665a365aed5ddc6d924de08f88804aa3eef16f6c6086086c980781b808,"Өтірік — екеу, шындық — төртеу.",,2,0,,,,,kk,
b6cf8734c4d0d6939af56a398acc6a1418371559b71d32c3ac747857a94f4de89882f010019a943b74c019fc43507a36debd7fe9da83e2c9a7bd46d33e321c9f,common_voice_kk_27729956.wav,40227df27c26277527c2cc55b3de96292ae1769a1a1f008de4912ed688e28094,"Ит тойған жеріне, ер туған жеріне.",,2,0,,,,,kk,
b6cf8734c4d0d6939af56a398acc6a1418371559b71d32c3ac747857a94f4de89882f010019a943b74c019fc43507a36debd7fe9da83e2c9a7bd46d33e321c9f,common_voice_kk_27729957.wav,3dc274cc6c7e3b3f39a05799289f8cf9d4e941971f490992dfa7d38a350b0627,"«Тәуекел» деп тас жұт, ажал жетпей өлмек жоқ.",,2,0,,,,,kk,
b6cf8734c4d0d6939af56a398acc6a1418371559b71d32c3ac747857a94f4de89882f010019a943b74c019fc43507a36debd7fe9da83e2c9a7bd46d33e321c9f,common_voice_kk_27729958.wav,2ba1e75b5ef9234961df57fe4839f1ec84d0e21672e18786086eb60ede93053e,"Бойыңа сенбе, ойыңа сен.",,2,0,,,,,kk,
b6cf8734c4d0d6939af56a398acc6a1418371559b71d32c3ac747857a94f4de89882f010019a943b74c019fc43507a36debd7fe9da83e2c9a7bd46d33e321c9f,common_voice_kk_27729959.wav,43b2cb9cb74f8edde965b7c6f6a6944eb7db4be9ea51c87d1dbf2f95d8958e68,Дарияны теріс ағызған ақылдан бармақтай бақ ілгері.,,2,0,,,,,kk,
b6cf8734c4d0d6939af56a398acc6a1418371559b71d32c3ac747857a94f4de89882f010019a943b74c019fc43507a36debd7fe9da83e2c9a7bd46d33e321c9f,common_voice_kk_27729975.wav,153aa8728c9d553959f8c55bece634181deae75a99bc145d91eaf8eca7036e1d,"Түйе тұз деп қартаяды, жігіт қыз деп қартаяды.",,2,0,,,,,kk,
b6cf8734c4d0d6939af56a398acc6a1418371559b71d32c3ac747857a94f4de89882f010019a943b74c019fc43507a36debd7fe9da83e2c9a7bd46d33e321c9f,common_voice_kk_27729976.wav,140fd5a5125b8534bede9c9ea9d88579a6aeec395fab31e7086a9521647f38ea,"Оқу білім береді, ақыл бермейді.",,2,0,,,,,kk,
b6cf8734c4d0d6939af56a398acc6a1418371559b71d32c3ac747857a94f4de89882f010019a943b74c019fc43507a36debd7fe9da83e2c9a7bd46d33e321c9f,common_voice_kk_27729977.wav,1ead4dcb8f667ef8fb9bc33c58e1b19aeb105eb58cce8baf5c0b26570e1d2fd8,"Дәмнің атасы — нан, анасы — тұз.",,2,0,,,,,kk,
b6cf8734c4d0d6939af56a398acc6a1418371559b71d32c3ac747857a94f4de89882f010019a943b74c019fc43507a36debd7fe9da83e2c9a7bd46d33e321c9f,common_voice_kk_27729978.wav,39560695d4d5815bcdb6082587057b06fc1681738fdee701bde4560477b4b5b0,"Мақтау сөзді кім сүймейді, мәуіті шекпенді кім кимейді.",,2,0,,,,,kk,
b6cf8734c4d0d6939af56a398acc6a1418371559b71d32c3ac747857a94f4de89882f010019a943b74c019fc43507a36debd7fe9da83e2c9a7bd46d33e321c9f,common_voice_kk_27729979.wav,3f39a1908ee145f229b0103f035778c1ea7a5f60902f33ff4a5e535372591c91,Жаралы құсқа тас атпа.,,2,0,,,,,kk,
b6cf8734c4d0d6939af56a398acc6a1418371559b71d32c3ac747857a94f4de89882f010019a943b74c019fc43507a36debd7fe9da83e2c9a7bd46d33e321c9f,common_voice_kk_27729985.wav,317bb960e58d394a7d950dcbebf4efa2bf28c20d8bd628ef3e98ec8df791b7ca,Байды Құдай атқаны — жабағы жүнін сатқаны.,,2,0,,,,,kk,
b6cf8734c4d0d6939af56a398acc6a1418371559b71d32c3ac747857a94f4de89882f010019a943b74c019fc43507a36debd7fe9da83e2c9a7bd46d33e321c9f,common_voice_kk_27729986.wav,16023afb9b11e7027783140515a3b22bdb5661a9b03ccae184beca153fda7193,"Жаман малын қорғайды, жақсы арын қорғайды.",,2,0,,,,,kk,
b6cf8734c4d0d6939af56a398acc6a1418371559b71d32c3ac747857a94f4de89882f010019a943b74c019fc43507a36debd7fe9da83e2c9a7bd46d33e321c9f,common_voice_kk_27729987.wav,2fed840bde79b6c97e812fb3f26a48261c8d9f8d824c669a88e41ce92b646f11,"Әкең өлсе де, әкеңнің көзін көрген өлмесін.",,2,0,,,,,kk,
b6cf8734c4d0d6939af56a398acc6a1418371559b71d32c3ac747857a94f4de89882f010019a943b74c019fc43507a36debd7fe9da83e2c9a7bd46d33e321c9f,common_voice_kk_27729988.wav,4107b64d513b0b2c6a9d009d8b6006919d6fe1a5608bfe04d8d6b292a3c85bb6,"Келгеннің мандайынан, кеткеннің желкесінен сипа.",,2,0,,,,,kk,
b6cf8734c4d0d6939af56a398acc6a1418371559b71d32c3ac747857a94f4de89882f010019a943b74c019fc43507a36debd7fe9da83e2c9a7bd46d33e321c9f,common_voice_kk_27729989.wav,40e1264e692be6b3cd58a3136624f6d63466af9f1caf521e36823bc52b9f64f8,Олақ балықшы су лайлайды.,,2,1,,,,,kk,
b6cf8734c4d0d6939af56a398acc6a1418371559b71d32c3ac747857a94f4de89882f010019a943b74c019fc43507a36debd7fe9da83e2c9a7bd46d33e321c9f,common_voice_kk_27729999.wav,43a0099acc2382119ccfc4c3a06551409fa5f0256fbaefea383dc7fd0996dd7f,Өгізді өрге айдағанның өмірі өксиді.,,2,0,,,,,kk,
b6cf8734c4d0d6939af56a398acc6a1418371559b71d32c3ac747857a94f4de89882f010019a943b74c019fc43507a36debd7fe9da83e2c9a7bd46d33e321c9f,common_voice_kk_27730000.wav,31c965a1f6df9bf3af7baf26a14c9edbacc7b885be58d2cae447ae012067b71f,"Жақсының жақсылығын айт, нұры тассын, жаманның жамандығын айт, құты қашсын.",,2,0,,,,,kk,
b6cf8734c4d0d6939af56a398acc6a1418371559b71d32c3ac747857a94f4de89882f010019a943b74c019fc43507a36debd7fe9da83e2c9a7bd46d33e321c9f,common_voice_kk_27730001.wav,3bd0c84daa1e718e8a8f6e7e8d0d3c837ba916f1686ffe8b88ec5de24ed75582,"Келіннің бетін кім ашса, сол ыстық.",,2,1,,,,,kk,
b6cf8734c4d0d6939af56a398acc6a1418371559b71d32c3ac747857a94f4de89882f010019a943b74c019fc43507a36debd7fe9da83e2c9a7bd46d33e321c9f,common_voice_kk_27730002.wav,3d371cdad5e0ef80719a4791c686b9ba444fd0185961bdd1559446eea78c7ea5,"Кәрі жатса, қунайды, жас жүрсе, қунайды.",,2,1,,,,,kk,
b6cf8734c4d0d6939af56a398acc6a1418371559b71d32c3ac747857a94f4de89882f010019a943b74c019fc43507a36debd7fe9da83e2c9a7bd46d33e321c9f,common_voice_kk_27730003.wav,11a88f5dd6465d8f3d90e3f98980d5ef32abfc4357643b58f776f0fb7a06d344,"Адам жүрген жермен адам жүреді, біреу білмегенді біреу біледі.",,2,0,,,,,kk,
f50107155b9d26c867806588a53fcd8574b1ddfa82c9021bbe02dfbc421052fcd1e506b573555a1cab37ef106f53c6513457f805621346cd50c50f528ad5c1f4,common_voice_kk_38974353.wav,418a0fe6ecaf533061104303a800d4148581ab05151d94de5e4bdb82a83f142a,"Жаз болды деп, қыс тоныңды тастама.",,4,0,fourties,female_feminine,Native,,kk,
f50107155b9d26c867806588a53fcd8574b1ddfa82c9021bbe02dfbc421052fcd1e506b573555a1cab37ef106f53c6513457f805621346cd50c50f528ad5c1f4,common_voice_kk_38974354.wav,4fead3bcddc64b62152e58fe60e7093767a267bbe29f378b0285060ec5a21b2b,Ақымақ әкесін өлтіргенмен дос болады.,,4,0,fourties,female_feminine,Native,,kk,
f50107155b9d26c867806588a53fcd8574b1ddfa82c9021bbe02dfbc421052fcd1e506b573555a1cab37ef106f53c6513457f805621346cd50c50f528ad5c1f4,common_voice_kk_38974355.wav,336d60e922b522491073d866888800160d5686b84e5ebe71166452a087897475,Екіленіп сөйлеп ер атанбайсың.,,4,0,fourties,female_feminine,Native,,kk,
f50107155b9d26c867806588a53fcd8574b1ddfa82c9021bbe02dfbc421052fcd1e506b573555a1cab37ef106f53c6513457f805621346cd50c50f528ad5c1f4,common_voice_kk_38974356.wav,52c1398ec6e138b83103d1ad219c3edadbc490414efc32e8019123ccc3970012,"Ойламай сөйлесең, опық жейсің.",,4,0,fourties,female_feminine,Native,,kk,
f50107155b9d26c867806588a53fcd8574b1ddfa82c9021bbe02dfbc421052fcd1e506b573555a1cab37ef106f53c6513457f805621346cd50c50f528ad5c1f4,common_voice_kk_38974357.wav,4ac140437432d56171b1b16d281920cf48d61cd97fc33774937cd92544775383,"Жақсы қатын жарының жақсысын асырар, жаманын жасырар.",,4,0,fourties,female_feminine,Native,,kk,
f50107155b9d26c867806588a53fcd8574b1ddfa82c9021bbe02dfbc421052fcd1e506b573555a1cab37ef106f53c6513457f805621346cd50c50f528ad5c1f4,common_voice_kk_38974486.wav,54eb1dca018d28285056686eeedaf72e036eaf4477182672f88f9dbd937eda0e,"Елу жылда ел жаңа, жүз жылда қазан.",,4,0,fourties,female_feminine,Native,,kk,
f50107155b9d26c867806588a53fcd8574b1ddfa82c9021bbe02dfbc421052fcd1e506b573555a1cab37ef106f53c6513457f805621346cd50c50f528ad5c1f4,common_voice_kk_38974488.wav,487547e3833f6783619c228c90e1fe8d8bd67664c3bd1332899c18bcea733e6f,"Бұлт шығып, жаңбыр жаумай, елді алдайды, әйелдің айлакері ерді алдайды.",,2,0,fourties,female_feminine,Native,,kk,
f50107155b9d26c867806588a53fcd8574b1ddfa82c9021bbe02dfbc421052fcd1e506b573555a1cab37ef106f53c6513457f805621346cd50c50f528ad5c1f4,common_voice_kk_38974524.wav,42a8a6cc93a15f0d08f718f00fd87e263d8a95cf387257171949c4526faf820b,"Үйдің жылы-суығы қыс түскенде білінер, адамның алыс-жуығы басыңа іс түскенде білінер.",,4,0,fourties,female_feminine,Native,,kk,
f50107155b9d26c867806588a53fcd8574b1ddfa82c9021bbe02dfbc421052fcd1e506b573555a1cab37ef106f53c6513457f805621346cd50c50f528ad5c1f4,common_voice_kk_38974525.wav,40495b28f0a91698594133044ba6f252a43afeb5ff191583c47a24084120b090,Бесті айғырдың бетінен сақтан.,,4,0,fourties,female_feminine,Native,,kk,
f50107155b9d26c867806588a53fcd8574b1ddfa82c9021bbe02dfbc421052fcd1e506b573555a1cab37ef106f53c6513457f805621346cd50c50f528ad5c1f4,common_voice_kk_38974531.wav,3878e488e871bf61b09fd73fd54a275864a39fdfa54d4363eba6860d8c81b5ca,"Бұл не деген батпан құйрық, айдалада жатқан құйрық?",,2,0,fourties,female_feminine,Native,,kk,
f50107155b9d26c867806588a53fcd8574b1ddfa82c9021bbe02dfbc421052fcd1e506b573555a1cab37ef106f53c6513457f805621346cd50c50f528ad5c1f4,common_voice_kk_38974533.wav,4e92cee2aef6ace4063a3439d321fdbddf09e9821c4a4b612e9dc8470356cb54,Жағымсызды жақыны да жарылқамас.,,2,0,fourties,female_feminine,Native,,kk,
f50107155b9d26c867806588a53fcd8574b1ddfa82c9021bbe02dfbc421052fcd1e506b573555a1cab37ef106f53c6513457f805621346cd50c50f528ad5c1f4,common_voice_kk_38974590.wav,4deff345a7035529ccbbaed9004b2bbdb111c1cbac310d408b061ba706faf919,"Жақсы адам тауып сөйлейді, жаман адам қауып сөйлейді.",,4,0,fourties,female_feminine,Native,,kk,
f50107155b9d26c867806588a53fcd8574b1ddfa82c9021bbe02dfbc421052fcd1e506b573555a1cab37ef106f53c6513457f805621346cd50c50f528ad5c1f4,common_voice_kk_38974592.wav,4305faa056964477eb9e49587b0ef76f966c4c096ca5f98a181545af497468de,"ұры иттің тапқанын, сұғанақ ит жеп кетеді.",,4,0,fourties,female_feminine,Native,,kk,
f50107155b9d26c867806588a53fcd8574b1ddfa82c9021bbe02dfbc421052fcd1e506b573555a1cab37ef106f53c6513457f805621346cd50c50f528ad5c1f4,common_voice_kk_38974593.wav,54bb36b9269e84341cd28eb54e12ff13a1f4e8e08ebe8d156f26f703b6e3f27b,"Сүйек тамыр сүйеніп күн көреді, ауыз тамыр айтысып артығын алады.",,4,0,fourties,female_feminine,Native,,kk,
f50107155b9d26c867806588a53fcd8574b1ddfa82c9021bbe02dfbc421052fcd1e506b573555a1cab37ef106f53c6513457f805621346cd50c50f528ad5c1f4,common_voice_kk_38974594.wav,54503f528034869db4956cd2496d1de2a8e27f3742f6cf5e832233d110d81570,Мал иесіне тартады.,,2,0,fourties,female_feminine,Native,,kk,
f50107155b9d26c867806588a53fcd8574b1ddfa82c9021bbe02dfbc421052fcd1e506b573555a1cab37ef106f53c6513457f805621346cd50c50f528ad5c1f4,common_voice_kk_38974595.wav,4133a4508da43f6b7629dabaa5e14950fb5433b7b2259000bca53662c1946275,"Жолдастың мыңын алма, бірін ал.",,4,0,fourties,female_feminine,Native,,kk,
f50107155b9d26c867806588a53fcd8574b1ddfa82c9021bbe02dfbc421052fcd1e506b573555a1cab37ef106f53c6513457f805621346cd50c50f528ad5c1f4,common_voice_kk_38974616.wav,4f8a6a184e4caf2943a64ab66d822b8536b72f79363faaf99a4232fa66bd13e2,Күш атасын танымас.,,2,0,fourties,female_feminine,Native,,kk,
f50107155b9d26c867806588a53fcd8574b1ddfa82c9021bbe02dfbc421052fcd1e506b573555a1cab37ef106f53c6513457f805621346cd50c50f528ad5c1f4,common_voice_kk_38974617.wav,36f7c1748f832cbbe891aafd920c03db190850a863437bf05153f7591b05fc26,Ерден ердің қаупі бар.,,4,0,fourties,female_feminine,Native,,kk,
f50107155b9d26c867806588a53fcd8574b1ddfa82c9021bbe02dfbc421052fcd1e506b573555a1cab37ef106f53c6513457f805621346cd50c50f528ad5c1f4,common_voice_kk_38974620.wav,51f67ba3717fb7e6e449c90943d2e6d5c83fad611a583c40eab5ed936ff928e0,"Бармасаң, алыстайсың, бермесең, алыспайсың.",,2,0,fourties,female_feminine,Native,,kk,
f50107155b9d26c867806588a53fcd8574b1ddfa82c9021bbe02dfbc421052fcd1e506b573555a1cab37ef106f53c6513457f805621346cd50c50f528ad5c1f4,common_voice_kk_38974645.wav,4e4cd0ffd9dd9ca3d8b404c87d5b961c6c41b273f2a273a86225d95b012fbff6,"Қатты жүрсең, «Қазық аяқ» дейді, ақырын жүрсең, «Малма аяқ» дейді.",,2,0,fourties,female_feminine,Native,,kk,
f50107155b9d26c867806588a53fcd8574b1ddfa82c9021bbe02dfbc421052fcd1e506b573555a1cab37ef106f53c6513457f805621346cd50c50f528ad5c1f4,common_voice_kk_38974647.wav,0312b3d7780ac3a463d48c57b4aeaebf070bf1fd251970dc8cf89141344df260,"Атадан ұл туса игі еді, ата жолын қуса игі еді.",,4,0,fourties,female_feminine,Native,,kk,
f50107155b9d26c867806588a53fcd8574b1ddfa82c9021bbe02dfbc421052fcd1e506b573555a1cab37ef106f53c6513457f805621346cd50c50f528ad5c1f4,common_voice_kk_38974648.wav,4fdd7078d288a1bb25f4691974078e6fa5edfbcc3a45c05136ce3881b77fc521,"Атың тайғақ болса, ақ текенің мүйізімен тағала.",,4,0,fourties,female_feminine,Native,,kk,
f50107155b9d26c867806588a53fcd8574b1ddfa82c9021bbe02dfbc421052fcd1e506b573555a1cab37ef106f53c6513457f805621346cd50c50f528ad5c1f4,common_voice_kk_38974663.wav,471a6f54b39e3846ba19ba1ff51a26c3abb96ad833d5ac36f8225e1f3c50d81f,"Жаман мақтанса, жауының жағасынан алдым дер, жапалақ мақтанса, тордан құсты ілдім дер.",,2,0,fourties,female_feminine,Native,,kk,
f50107155b9d26c867806588a53fcd8574b1ddfa82c9021bbe02dfbc421052fcd1e506b573555a1cab37ef106f53c6513457f805621346cd50c50f528ad5c1f4,common_voice_kk_38974748.wav,532ed3a6272f91f7c84d1739ced14825ade19cab8428778dabd66701376fc87a,"Арпа-бидай ас екен, алтын-күміс тас екен.",,4,0,fourties,female_feminine,Native,,kk,
f50107155b9d26c867806588a53fcd8574b1ddfa82c9021bbe02dfbc421052fcd1e506b573555a1cab37ef106f53c6513457f805621346cd50c50f528ad5c1f4,common_voice_kk_38974750.wav,550c3013dffc58583077aca17e86744c665b50664a3410f15d2dca4e4d1222a2,"Аузы жаман елді былғар, аяғы жаман көлді былғар.",,4,0,fourties,female_feminine,Native,,kk,
f50107155b9d26c867806588a53fcd8574b1ddfa82c9021bbe02dfbc421052fcd1e506b573555a1cab37ef106f53c6513457f805621346cd50c50f528ad5c1f4,common_voice_kk_38974754.wav,4f6a441c25c8df9ed9352ca8e54c6e3f32175e39dcad4d9498eabfa120a81299,"Жұтаған жұртын мақтайды, кейде мақтау сөз даттағаннан да жаман.",,4,0,fourties,female_feminine,Native,,kk,
f50107155b9d26c867806588a53fcd8574b1ddfa82c9021bbe02dfbc421052fcd1e506b573555a1cab37ef106f53c6513457f805621346cd50c50f528ad5c1f4,common_voice_kk_38974759.wav,2a7d96cde5fc6656d8890a4cc27ca5370c11bc9afcfb0277708344f011a19597,"Аяғын кебіс қыспаған, енесі ернін қыспаған.",,4,0,fourties,female_feminine,Native,,kk,
f50107155b9d26c867806588a53fcd8574b1ddfa82c9021bbe02dfbc421052fcd1e506b573555a1cab37ef106f53c6513457f805621346cd50c50f528ad5c1f4,common_voice_kk_38974762.wav,4dcfdcee7c4c81872cc070e488f9c140d53bf31601fbea2cc33ac287e0cc7515,"Күміс тозса, күл, жігіт азса, құл.",,2,0,fourties,female_feminine,Native,,kk,
f50107155b9d26c867806588a53fcd8574b1ddfa82c9021bbe02dfbc421052fcd1e506b573555a1cab37ef106f53c6513457f805621346cd50c50f528ad5c1f4,common_voice_kk_38974814.wav,54d4527b2943136dd6ad8193fdf7f5640f0de6a845eaf0276f3f75e00ad1c91e,"Би болатын бала ағайыншыл, бай болатын бала айырбасшыл.",,4,0,fourties,female_feminine,Native,,kk,
f50107155b9d26c867806588a53fcd8574b1ddfa82c9021bbe02dfbc421052fcd1e506b573555a1cab37ef106f53c6513457f805621346cd50c50f528ad5c1f4,common_voice_kk_38974815.wav,309ab64b72ee01d2a0f4517ddbff865c89c0613e780e4c43efe4b2a6ed9cde87,"Басың аман болсын десең, тіліңді тоқтат.",,2,0,fourties,female_feminine,Native,,kk,
f50107155b9d26c867806588a53fcd8574b1ddfa82c9021bbe02dfbc421052fcd1e506b573555a1cab37ef106f53c6513457f805621346cd50c50f528ad5c1f4,common_voice_kk_38974817.wav,4b8b500dbf308504d46c109c7d71f314c92f55cbf01fcb788043ea1b903e34d9,Албасты да қабаққа қарап басады.,,2,0,fourties,female_feminine,Native,,kk,
f50107155b9d26c867806588a53fcd8574b1ddfa82c9021bbe02dfbc421052fcd1e506b573555a1cab37ef106f53c6513457f805621346cd50c50f528ad5c1f4,common_voice_kk_38974818.wav,4c5a29888a26ae01d8b0bc7cd50524ab97082e983960c6ca56e2d534bd74db9c,"Біткен істің міні жоқ, бітірген ердің кемі жоқ.",,2,0,fourties,female_feminine,Native,,kk,
f50107155b9d26c867806588a53fcd8574b1ddfa82c9021bbe02dfbc421052fcd1e506b573555a1cab37ef106f53c6513457f805621346cd50c50f528ad5c1f4,common_voice_kk_38974820.wav,4c5a59f234e38910c29b3c5e713ad0e63d0e47ecc0930fc8edc9f28fa9b3b812,"Сыйласқанға не жетсін, сөйлескеннен не кетсін!",,2,0,fourties,female_feminine,Native,,kk,
f50107155b9d26c867806588a53fcd8574b1ddfa82c9021bbe02dfbc421052fcd1e506b573555a1cab37ef106f53c6513457f805621346cd50c50f528ad5c1f4,common_voice_kk_38974861.wav,5727ae4d88d740430407584b80a3140563545dd5ffa79d2254040b15fa906fef,"Тентекті тентек десең, бөркі қазандай болады.",,4,0,fourties,female_feminine,Native,,kk,
f50107155b9d26c867806588a53fcd8574b1ddfa82c9021bbe02dfbc421052fcd1e506b573555a1cab37ef106f53c6513457f805621346cd50c50f528ad5c1f4,common_voice_kk_38974862.wav,3d060a8362b84525d363915c55e058de49dc89cec50ac09b42073c1b0616de54,"Ешкі егіз табады, шошқа сегіз табады.",,4,0,fourties,female_feminine,Native,,kk,
f50107155b9d26c867806588a53fcd8574b1ddfa82c9021bbe02dfbc421052fcd1e506b573555a1cab37ef106f53c6513457f805621346cd50c50f528ad5c1f4,common_voice_kk_38974863.wav,1679858bbdb6766bcd6064cf22ef6860370dcfd16eb9c412f45284aaf63dfebf,"Ат пен ат ақырлас болса, меңі жұғады, ат пен есек ақырлас болса, зеңі жұғады.",,2,0,fourties,female_feminine,Native,,kk,
f50107155b9d26c867806588a53fcd8574b1ddfa82c9021bbe02dfbc421052fcd1e506b573555a1cab37ef106f53c6513457f805621346cd50c50f528ad5c1f4,common_voice_kk_38974864.wav,066adbce767f22dd6152e0eb5560e0f446887a4f8e8306123252955b2c4dceff,"ұрыспай айырылған, ұялмай қосылады.",,4,0,fourties,female_feminine,Native,,kk,
f50107155b9d26c867806588a53fcd8574b1ddfa82c9021bbe02dfbc421052fcd1e506b573555a1cab37ef106f53c6513457f805621346cd50c50f528ad5c1f4,common_voice_kk_38974890.wav,0137f3fccb4b418d9a06782c1a01f62c4992fde34e74c4032fb7b4bca997da54,"Білімнен қымбат досың жоқ, аурудан үлкен қасың жоқ.",,4,0,fourties,female_feminine,Native,,kk,
f50107155b9d26c867806588a53fcd8574b1ddfa82c9021bbe02dfbc421052fcd1e506b573555a1cab37ef106f53c6513457f805621346cd50c50f528ad5c1f4,common_voice_kk_38974892.wav,400a7b5353dbfaeab797ae5a78ffe89d9d2f4f907de8704fee968c245336ffe4,"Ат сатсаң, ұлыңмен ақылдас.",,4,0,fourties,female_feminine,Native,,kk,
f50107155b9d26c867806588a53fcd8574b1ddfa82c9021bbe02dfbc421052fcd1e506b573555a1cab37ef106f53c6513457f805621346cd50c50f528ad5c1f4,common_voice_kk_38974893.wav,523a0860c68f2f1c7ec2618bd0eaff2c4944d7213cb93b0cf9343c7f364251a5,ұста бар жерде қолың тый.,,2,0,fourties,female_feminine,Native,,kk,
f50107155b9d26c867806588a53fcd8574b1ddfa82c9021bbe02dfbc421052fcd1e506b573555a1cab37ef106f53c6513457f805621346cd50c50f528ad5c1f4,common_voice_kk_38974942.wav,3f8fb23467e5cd84254d166ea1056fd128d06ecf49c48f83356898d37f5720e9,Барлығына қалай уақыт табасың?,,4,0,fourties,female_feminine,Native,,kk,
f50107155b9d26c867806588a53fcd8574b1ddfa82c9021bbe02dfbc421052fcd1e506b573555a1cab37ef106f53c6513457f805621346cd50c50f528ad5c1f4,common_voice_kk_38974943.wav,3c6dfbdcb0a125f813676097f8f0e494283f3a53cbf700f113957903b7adef55,"Батырдың көзі өмірге түседі, қорқақтың көзі өлімге түседі.",,4,0,fourties,female_feminine,Native,,kk,
f50107155b9d26c867806588a53fcd8574b1ddfa82c9021bbe02dfbc421052fcd1e506b573555a1cab37ef106f53c6513457f805621346cd50c50f528ad5c1f4,common_voice_kk_38974945.wav,4a7f79a6325558f218c5218dbaf8aa10b0bab86d76c19cdf4264582120a59a22,Тауансыз адам — табансыз адам.,,2,0,fourties,female_feminine,Native,,kk,
f50107155b9d26c867806588a53fcd8574b1ddfa82c9021bbe02dfbc421052fcd1e506b573555a1cab37ef106f53c6513457f805621346cd50c50f528ad5c1f4,common_voice_kk_38974946.wav,32ea737656ac4819e037405906cdeee37abdce781ea5f4565cd6f39abcb882ab,"Ақылды ой ойлағанша, тентек ісін бітірер.",,4,0,fourties,female_feminine,Native,,kk,
